info,num_bathroom,title,url,price,pid,num_bedroom,pid1,latitude,longitude,date,pid2
10,2,For Rent $1600,https://corvallis.craigslist.org/apa/5978112460.html,"$1,600 ",5978112460,,,,,27-Jan,
110,1,1 bd w/private entrance HALF OFF 1ST MONTH,https://corvallis.craigslist.org/apa/5948809894.html,$650 ,5948809894,,,,,27-Jan,
130,1,Large room near campus $550,https://corvallis.craigslist.org/apa/6018383254.html,$550 ,6018383254,,,,,24-Feb,
200,1,Studio in Albany Across from Swanson Park ~ 697 Jefferson #1,https://corvallis.craigslist.org/apa/6001862614.html,$625 ,6001862614,,,,,15-Feb,
200,1,Studio in Albany Across from Swanson Park ~ 697 Jefferson #5,https://corvallis.craigslist.org/apa/5992109429.html,$625 ,5992109429,,,,,15-Feb,
200,1,Studio in Albany Across from Swanson Park ~ 697 Jefferson #1,https://corvallis.craigslist.org/apa/6001863432.html,$625 ,6001863432,,,,,13-Feb,
200,1,"price included everything, fully furnished, summer sublet, 4brs/2bath",https://corvallis.craigslist.org/apa/6000012129.html,$370 ,6000012129,,,,,11-Feb,
200,1,Studio Retreat in Albany ~ 417 SE 6th #1,https://corvallis.craigslist.org/apa/5944079613.html,$625 ,5944079613,,,,,1-Feb,
300,,Studio~ Shared bathroom~ avail. Now!,https://corvallis.craigslist.org/apa/6033709821.html,$500 ,6033709821,,,,,7-Mar,
350,1,"1 bd, 1 ba - Close to downtown Corvallis and OSU!",https://corvallis.craigslist.org/apa/6035308857.html,$750 ,6035308857,,,,,8-Mar,
350,,Large Studio Apartment Near Downtown,https://corvallis.craigslist.org/apa/5959505508.html,$600 ,5959505508,,,,,3-Feb,
360,,ADD YOUR NAME TO OUR WAIT LIST!,https://corvallis.craigslist.org/apa/6037234836.html,$560 ,6037234836,,,,,9-Mar,
360,,WE HAVE EVERYTHING BUT YOU!,https://corvallis.craigslist.org/apa/6037173121.html,$560 ,6037173121,,,,,9-Mar,
360,,THE WAIT LIST IS OPEN!!,https://corvallis.craigslist.org/apa/6035785724.html,$560 ,6035785724,,,,,8-Mar,
360,,IT WON'T LAST LONG! HURRY IN!,https://corvallis.craigslist.org/apa/6035711227.html,$560 ,6035711227,,,,,8-Mar,
360,,CALL AND SET UP YOUR TOUR TODAY!!!,https://corvallis.craigslist.org/apa/6035520313.html,$560 ,6035520313,,,,,8-Mar,
360,,FURRY FRIENDS WELCOME TOO!,https://corvallis.craigslist.org/apa/6035331063.html,$560 ,6035331063,,,,,8-Mar,
360,,LOOK NO FURTHER! WE HAVE EVERYTHING YOU NEED!,https://corvallis.craigslist.org/apa/6035242073.html,$560 ,6035242073,,,,,8-Mar,
360,,GET ON OUR WAIT LIST TODAY!,https://corvallis.craigslist.org/apa/6034089247.html,$560 ,6034089247,,,,,7-Mar,
360,,GET ON THE WAITLIST!!,https://corvallis.craigslist.org/apa/6032856267.html,$560 ,6032856267,,,,,6-Mar,
360,,FALL IN LOVE WITH ALBANY COURT!,https://corvallis.craigslist.org/apa/6028734200.html,$560 ,6028734200,,,,,3-Mar,
360,,CALL ALBANY COURT TODAY!,https://corvallis.craigslist.org/apa/6027102000.html,$560 ,6027102000,,,,,2-Mar,
360,,WE'RE PET FRIENDLY!,https://corvallis.craigslist.org/apa/6025765990.html,$560 ,6025765990,,,,,1-Mar,
360,,COZY UP AT ALBANY COURT!,https://corvallis.craigslist.org/apa/6002358512.html,$560 ,6002358512,,,,,28-Feb,
360,,WE'VE GOT EVERYTHING ON YOUR LIST!!,https://corvallis.craigslist.org/apa/6022888361.html,$560 ,6022888361,,,,,27-Feb,
360,,HURRY AND APPLY BEFORE IT GETS AWAY!,https://corvallis.craigslist.org/apa/5985462366.html,$560 ,5985462366,,,,,24-Feb,
360,,COME FALL IN LOVE WITH THIS BEAUTIFUL STUDIO,https://corvallis.craigslist.org/apa/5992154741.html,$560 ,5992154741,,,,,23-Feb,
360,,COME SEE WHAT THE BUZZ IS ALL ABOUT!,https://corvallis.craigslist.org/apa/6015583372.html,$560 ,6015583372,,,,,22-Feb,
360,,THE PERFECT PLACE TO CALL HOME!,https://corvallis.craigslist.org/apa/5995699889.html,$560 ,5995699889,,,,,21-Feb,
360,,LOVE WHERE YOU LIVE!!,https://corvallis.craigslist.org/apa/6012205735.html,$560 ,6012205735,,,,,20-Feb,
360,,THIS STUDIO COULD BE ALL YOURS!!!,https://corvallis.craigslist.org/apa/6012110586.html,$560 ,6012110586,,,,,20-Feb,
360,,PLANT YOUR ROOTS AT ALBANY COURT!,https://corvallis.craigslist.org/apa/5998742518.html,$560 ,5998742518,,,,,17-Feb,
360,,WE'LL BE THERE FOR YOU!,https://corvallis.craigslist.org/apa/5996884168.html,$560 ,5996884168,,,,,16-Feb,
360,,DONUT MISS OUT ON THIS STUDIO!!!!!,https://corvallis.craigslist.org/apa/6005316766.html,$560 ,6005316766,,,,,15-Feb,
360,,YOUR HEART WILL MELT AT ALBANY COURT!!!,https://corvallis.craigslist.org/apa/6004242387.html,$560 ,6004242387,,,,,14-Feb,
360,,WE HAVE EVERYTHING BUT YOU!,https://corvallis.craigslist.org/apa/5985464523.html,$560 ,5985464523,,,,,8-Feb,
360,,CALL AND SET UP YOUR TOUR TODAY!!!,https://corvallis.craigslist.org/apa/5991867329.html,$560 ,5991867329,,,,,6-Feb,
360,,GET ON THE WAIT LIST! YOU WON'T REGRET IT!,https://corvallis.craigslist.org/apa/5942723822.html,$560 ,5942723822,,,,,31-Jan,
360,,JUMP ONTO THE WAIT LIST TODAY!!!,https://corvallis.craigslist.org/apa/5945316201.html,$560 ,5945316201,,,,,30-Jan,
360,,DON'T IGNORE IT! YOU KNOW YOU WANT IT! GET ON THE CALL LIST TODAY!,https://corvallis.craigslist.org/apa/5954898296.html,$560 ,5954898296,,,,,30-Jan,
360,,COME FALL IN LOVE WITH THIS BEAUTIFUL STUDIO,https://corvallis.craigslist.org/apa/5985556690.html,$560 ,5985556690,,,,,8-Feb,
360,,WARM UP AT ALBANY COURT!,https://corvallis.craigslist.org/apa/6014330843.html,$560 ,6014330843,,,,,10-Mar,
400,1,THE WAIT LIST IS OPEN!!!,https://corvallis.craigslist.org/apa/6033446288.html,$660 ,6033446288,,,,,7-Mar,
400,1,THE WAIT LIST HAS BEEN LOOKING FOR YOU!,https://corvallis.craigslist.org/apa/5936411727.html,$660 ,5936411727,,,,,26-Jan,
440,1,1 bdr- 1 block from OSU,https://corvallis.craigslist.org/apa/6037016397.html,$755 ,6037016397,,,,,9-Mar,
441,1,1 Bedroom Granny Flat Apartment in Quiet Residential Area NW Corvallis,https://corvallis.craigslist.org/apa/6026846061.html,$675 ,6026846061,,,,,2-Mar,
450,1,Rural Cabin,https://corvallis.craigslist.org/apa/6029392063.html,$700 ,6029392063,,,,,4-Mar,
450,1,Cute 1 bed 1 bath ready today!!!! Call Now!!,https://corvallis.craigslist.org/apa/5957275214.html,$675 ,5957275214,,,,,10-Feb,
454,,Studio available today!!! Call now!!,https://corvallis.craigslist.org/apa/5998290820.html,$625 ,5998290820,,,,,10-Feb,
475,,DONT WAIT!!! Pre lease your studio TODAY!!! High speed wifi included!!,https://corvallis.craigslist.org/apa/6028019417.html,$950 ,6028019417,,,,,10-Mar,
475,,LARGE Studio apartment available for fall pre-lease,https://corvallis.craigslist.org/apa/6002643670.html,$950 ,6002643670,,,,,9-Mar,
475,,RESERVING NOW FOR 2017 SCHOOL YEAR 1 bed 1 bath ~,https://corvallis.craigslist.org/apa/5993641944.html,$950 ,5993641944,,,,,8-Mar,
475,,Re-Leasing Apartment,https://corvallis.craigslist.org/apa/6019730973.html,$900 ,6019730973,,,,,25-Feb,
480,1,DON'T Miss out on this opportunity!!,https://corvallis.craigslist.org/apa/6027888902.html,$825 ,6027888902,,,,,10-Mar,
480,1,PRE_-LEASING 1 BEDROOM FOR APRIL!! APPLY TODAY,https://corvallis.craigslist.org/apa/6036780253.html,$825 ,6036780253,,,,,9-Mar,
480,1,PRE-LEASE FOR APRIL MOVE-IN!!! APPLY TODAY!!,https://corvallis.craigslist.org/apa/6034228871.html,$825 ,6034228871,,,,,7-Mar,
480,1,BEAUTIFULLY REMODELED ONE BEDROOMS AVAILABLE!,https://corvallis.craigslist.org/apa/5996487861.html,$825 ,5996487861,,,,,6-Mar,
480,1,MOVE-IN NEXT WEEK!!!,https://corvallis.craigslist.org/apa/5952385218.html,$825 ,5952385218,,,,,27-Jan,
500,1,"6th Street Apt. #8, Affordable, Convenient Location",https://corvallis.craigslist.org/apa/6038320904.html,$595 ,6038320904,,,,,10-Mar,
500,1,One Bedroom close to Downtown and Campus,https://corvallis.craigslist.org/apa/6024046743.html,$680 ,6024046743,,,,,28-Feb,
500,1,"1 Bedroom, 1 Bathroom - Witham Hill Oaks",https://corvallis.craigslist.org/apa/5999973367.html,$903 ,5999973367,,,,,11-Feb,
500,1,Housing to share,https://corvallis.craigslist.org/apa/5984080244.html,"$1,000 ",5984080244,,,,,31-Jan,
509,1,"SPACIOUS, QUIET, WOOD FLOORS, TILE, WITH CHARACTER, one block to OSU!",https://corvallis.craigslist.org/apa/6034301158.html,$895 ,6034301158,,,,,10-Mar,
525,1,Large 1 bed/ 1 bath * Great Location,https://corvallis.craigslist.org/apa/6032437459.html,$750 ,6032437459,,,,,6-Mar,
550,1,Get On the Waiting List For Historic Benton Plaza,https://corvallis.craigslist.org/apa/6013270550.html,$725 ,6013270550,,,,,10-Mar,
550,1,"1 BR, 1Bath Apartment Corvallis, OR 1/2 block to campus",https://corvallis.craigslist.org/apa/6029289636.html,$750 ,6029289636,,,,,4-Mar,
560,1,*On a Budget? Take a Peak at Our Cute & Affordable 1 Bedroom*,https://corvallis.craigslist.org/apa/6036516475.html,$800 ,6036516475,,,,,9-Mar,
560,1,Spring right into your new apartment home!  Bring your kitty with you.,https://corvallis.craigslist.org/apa/6035670817.html,$800 ,6035670817,,,,,8-Mar,
560,1,Time to get settled in for Spring!  One bedroom! Great location!,https://corvallis.craigslist.org/apa/6035004233.html,$800 ,6035004233,,,,,8-Mar,
560,1,*Deposit only $300!*,https://corvallis.craigslist.org/apa/6032777546.html,$800 ,6032777546,,,,,6-Mar,
560,2,Meeooowww Cats are Welcomed :),https://corvallis.craigslist.org/apa/6027963439.html,$800 ,6027963439,,,,,3-Mar,
560,1,"Our Rent Includes Water, Sewer, and Trash*$25 Pet Rent",https://corvallis.craigslist.org/apa/6026851558.html,$835 ,6026851558,,,,,2-Mar,
560,1,Wooooahhhhh 1.8 Miles from OSU & Dutch Bros on the Corner!!!,https://corvallis.craigslist.org/apa/6038559428.html,$800 ,6038559428,,,,,10-Mar,
565,1,"Spacious one bedroom, near the heart of Corvallis!!!",https://corvallis.craigslist.org/apa/6038482416.html,$750 ,6038482416,,,,,10-Mar,
572,2,W/D HOOK-UPS CAT FRIENDLY CLOSE TO OSU ~ 1061 SW Western,https://corvallis.craigslist.org/apa/6018195645.html,"$1,195 ",6018195645,,,,,10-Mar,
575,,Beautiful Studio Apartment,https://corvallis.craigslist.org/apa/6035553095.html,$770 ,6035553095,,,,,10-Mar,
584,1,1 bed 1 bath- pre lease for fall semester NOW,https://corvallis.craigslist.org/apa/6013353162.html,"$1,200 ",6013353162,,,,,10-Mar,
584,1,Secure your space 1 bed 1 bath AVAILABLE for July pre-lease!,https://corvallis.craigslist.org/apa/6002193776.html,"$1,100 ",6002193776,,,,,10-Mar,
584,1,1 bed 1 bath- pre lease for fall semester NOW,https://corvallis.craigslist.org/apa/6017864045.html,"$1,200 ",6017864045,,,,,10-Mar,
584,1,1 bed 1 bath AVAILABLE for July pre-lease,https://corvallis.craigslist.org/apa/5995604122.html,"$1,200 ",5995604122,,,,,10-Mar,
584,1,1 bed 1 bath- pre lease for fall semester NOW,https://corvallis.craigslist.org/apa/6011961397.html,"$1,200 ",6011961397,,,,,10-Mar,
584,1,1 bed 1 bath AVAILABLE for pre-lease,https://corvallis.craigslist.org/apa/6027998148.html,"$1,200 ",6027998148,,,,,10-Mar,
584,1,Rent Today! Next Door To OSU-In Town or Across The World,https://corvallis.craigslist.org/apa/5958203996.html,"$1,100 ",5958203996,,,,,10-Feb,
584,1,5 MIN WALK TO OSU ! CHECK OUT THE AMENITIES ! SECURE ACCESS BUILDING!,https://corvallis.craigslist.org/apa/6010863650.html,"$1,025 ",6010863650,,,,,11-Mar,
600,,Big Quiet Studio,https://corvallis.craigslist.org/apa/6035007618.html,$675 ,6035007618,,,,,10-Mar,
600,1,LEASE TAKEOVER ~ 1 Bedroom Apartment NEXT DOOR TO OSU - SECURE,https://corvallis.craigslist.org/apa/6010820957.html,"$1,150 ",6010820957,,,,,10-Mar,
600,2,"Nordic Apartment #327, Close to everything!",https://corvallis.craigslist.org/apa/6028031982.html,$950 ,6028031982,,,,,9-Mar,
600,2,Newly Renovated Pet Friendly House In South Corvallis,https://corvallis.craigslist.org/apa/6032388679.html,"$1,200 ",6032388679,,,,,6-Mar,
600,1,Sweet Home 1 Bdrm,https://corvallis.craigslist.org/apa/6032312215.html,$625 ,6032312215,,,,,6-Mar,
600,2,REMODELED Quiet Location County Setting Pet Friendly!  ~ 33808 Melody,https://corvallis.craigslist.org/apa/5972049306.html,$825 ,5972049306,,,,,30-Jan,
600,1,One Bedroom Apartment Downtown Albany,https://corvallis.craigslist.org/apa/6039366650.html,$725 ,6039366650,,,,,11-Mar,
618,1,Grayson Apartments - Gray 201,https://corvallis.craigslist.org/apa/5962097731.html,$875 ,5962097731,,,,,13-Feb,
634,1,Save Me! Save Me! ~~ April 7th I'll Be Ready*,https://corvallis.craigslist.org/apa/6038058602.html,$915 ,6038058602,,,,,10-Mar,
634,1,"End unit one bedroom!  Close to shopping, school, Hwy 34! Won't last!",https://corvallis.craigslist.org/apa/6035423050.html,$915 ,6035423050,,,,,8-Mar,
634,1,Last LARGE 1 Bedroom Until Summer!!! Apply Before it Too Late!!!,https://corvallis.craigslist.org/apa/6033963969.html,$915 ,6033963969,,,,,7-Mar,
634,1,"Secluded Entry, Two-Tone Painted Walls (Accent Wall Upon Request)",https://corvallis.craigslist.org/apa/6032587248.html,$915 ,6032587248,,,,,6-Mar,
634,1,"Direct entry, 1, 2 and 3 bedroom floor plans, Soaking tubs!",https://corvallis.craigslist.org/apa/6028530996.html,$900 ,6028530996,,,,,3-Mar,
634,1,Mark Your Calendars! I'm Move in Ready 4/8/17!!!,https://corvallis.craigslist.org/apa/6027772985.html,$915 ,6027772985,,,,,3-Mar,
634,1,STOP LOOKING--THIS IS IT!!!,https://corvallis.craigslist.org/apa/6027037257.html,$915 ,6027037257,,,,,2-Mar,
634,1,Looking to Move in April? We've Got the Perfect Place for You!,https://corvallis.craigslist.org/apa/6026503235.html,$900 ,6026503235,,,,,2-Mar,
640,1,1 bedroom 1 block from OSU Reserve now for September,https://corvallis.craigslist.org/apa/6037001778.html,$790 ,6037001778,,,,,9-Mar,
640,1,DUTCH BROS = 1/4 Mile AWAY FROM OUR COMMUNITY!! Yummmmm,https://corvallis.craigslist.org/apa/6023974513.html,$800 ,6023974513,,,,,28-Feb,
640,1,First Time Renter? No Problem!!,https://corvallis.craigslist.org/apa/6023348513.html,$800 ,6023348513,,,,,28-Feb,
640,1,The Oscar for 'Best One Bedroom' Goes To....Park @ 5th!!!,https://corvallis.craigslist.org/apa/6022563351.html,$800 ,6022563351,,,,,27-Feb,
640,1,Why Wouldn't You Pick to Live With Us!,https://corvallis.craigslist.org/apa/6018251503.html,$800 ,6018251503,,,,,24-Feb,
646,1,$250 CASH BACK!! CALL NOW,https://corvallis.craigslist.org/apa/6038440603.html,"$1,100 ",6038440603,,,,,10-Mar,
650,1,Now Reserving for May!  Beautiful Updated 1 Bedroom/1 Bath!,https://corvallis.craigslist.org/apa/6036475752.html,$750 ,6036475752,,,,,9-Mar,
650,1,"‰÷_ ‰÷É 1BR 1Bath - Assigned Parking, W/S/G paid",https://corvallis.craigslist.org/apa/6035613034.html,$750 ,6035613034,,,,,8-Mar,
650,1,1 Bedroom With Amazing Versatility Near 9th Street~960 NW Cleveland 12,https://corvallis.craigslist.org/apa/6023759228.html,$695 ,6023759228,,,,,8-Mar,
650,1,Not Ready Yet?...I'll Save This One for YOU in April!,https://corvallis.craigslist.org/apa/6025596919.html,$800 ,6025596919,,,,,1-Mar,
650,,Ch-Ch-Ch-Ch-Check it Out!!!,https://corvallis.craigslist.org/apa/6021873890.html,$800 ,6021873890,,,,,27-Feb,
650,1,Hurry Hurry! Last 1 Bedoom Until April!,https://corvallis.craigslist.org/apa/6017685200.html,$800 ,6017685200,,,,,24-Feb,
650,1,Apartment share,https://corvallis.craigslist.org/apa/5976704428.html,$450 ,5976704428,,,,,26-Jan,
660,1,**1 bed/1bath ONLY 7 BLOCKS FROM OSU**,https://corvallis.craigslist.org/apa/6032427085.html,$825 ,6032427085,,,,,6-Mar,
661,1,1 bed 1 bath- pre lease for fall semester NOW,https://corvallis.craigslist.org/apa/6011966557.html,"$1,300 ",6011966557,,,,,10-Mar,
661,1,1 bed 1 bath AVAILABLE for July pre-lease,https://corvallis.craigslist.org/apa/6025618757.html,"$1,350 ",6025618757,,,,,10-Mar,
661,1,1 bed 1 bath AVAILABLE for pre-lease,https://corvallis.craigslist.org/apa/5993589636.html,"$1,300 ",5993589636,,,,,9-Mar,
661,1,In Town or Across The World - Reserve now for 2017! - Next Door To OSU,https://corvallis.craigslist.org/apa/5958198219.html,"$1,200 ",5958198219,,,,,10-Feb,
679,2,Beverly Ann Apts. 936 01 - 2bd/1bath,https://corvallis.craigslist.org/apa/6027964552.html,$795 ,6027964552,,,,,9-Mar,
684,1,Large 1 Bedroom Coming Soon!,https://corvallis.craigslist.org/apa/6005358297.html,"$1,030 ",6005358297,,,,,8-Mar,
684,1,Coming soon! One Bedroom One Bathroom,https://corvallis.craigslist.org/apa/6023681694.html,"$1,030 ",6023681694,,,,,28-Feb,
684,1,One Bedroom One Bath Coming Soon!!,https://corvallis.craigslist.org/apa/5966823365.html,"$1,030 ",5966823365,,,,,2-Feb,
689,2,Updated Kitchen! W/S/G paid for! Biking Distance to OSU! ~ 424 NW 17th,https://corvallis.craigslist.org/apa/6031976001.html,"$1,195 ",6031976001,,,,,10-Mar,
700,2,Pet Friendly - Move-In by 3/15 & Get $100 Off First Month's Rent,https://corvallis.craigslist.org/apa/6013764136.html,"$1,165 ",6013764136,,,,,10-Mar,
700,2,NORESMAN APTS. Near Campus with Community Courtyard,https://corvallis.craigslist.org/apa/6022607549.html,$950 ,6022607549,,,,,9-Mar,
700,2,NORSEMAN APTS. Close to everything! #317,https://corvallis.craigslist.org/apa/6002611642.html,$950 ,6002611642,,,,,9-Mar,
700,2,Kings 2 bed 1 bath Flat,https://corvallis.craigslist.org/apa/5989912391.html,$995 ,5989912391,,,,,3-Mar,
700,2,$300 Deposit OAC! ~February Specials Still Going~,https://corvallis.craigslist.org/apa/6023578431.html,$985 ,6023578431,,,,,28-Feb,
700,2,Last 2 Bedroom at This Rate! Move Next Weekend!,https://corvallis.craigslist.org/apa/6022723108.html,$985 ,6022723108,,,,,27-Feb,
700,2,Get it While its HOTTTT!!!!,https://corvallis.craigslist.org/apa/6018455164.html,$985 ,6018455164,,,,,24-Feb,
700,2,~February Special Pricing 2 Bedroom~ ($75 off),https://corvallis.craigslist.org/apa/6017918959.html,$985 ,6017918959,,,,,24-Feb,
700,2,Walking distance to campus!,https://corvallis.craigslist.org/apa/6038682764.html,$900 ,6038682764,,,,,10-Mar,
701,1,Large 1 Bedroom 1st Month + $400 Deposit Moves You In..,https://corvallis.craigslist.org/apa/5975354496.html,$915 ,5975354496,,,,,25-Jan,
710,1,"1 bed 1 bath apartment, AVAILABLE NOW",https://corvallis.craigslist.org/apa/6009192789.html,"$1,150 ",6009192789,,,,,18-Feb,
713,1,1 Bedroom Loft Walking Distance From OSU,https://corvallis.craigslist.org/apa/6034243276.html,$910 ,6034243276,,,,,7-Mar,
713,1,RIGHT BY OSU!! ONE BEDROOM LOFT,https://corvallis.craigslist.org/apa/6023730190.html,$910 ,6023730190,,,,,28-Feb,
713,1,RIGHT BY OSU!! ONE BEDROOM LOFT,https://corvallis.craigslist.org/apa/5966824618.html,$910 ,5966824618,,,,,2-Feb,
715,2,"2nd Floor, Clean and Quiet! Well managed! Must See!",https://corvallis.craigslist.org/apa/5983615160.html,$800 ,5983615160,,,,,31-Jan,
718,1,Corvallis West Oaks Condo - Walk-in End Unit,https://corvallis.craigslist.org/apa/6006717654.html,"$1,000 ",6006717654,,,,,16-Feb,
728,1,HOME SWEET APARTMENT!,https://corvallis.craigslist.org/apa/6019644098.html,"$1,020 ",6019644098,,,,,9-Mar,
728,1,CALL THE LODGES TODAY! GET LUXURY LIVING IN A SMALL TOWN SETTING!,https://corvallis.craigslist.org/apa/6037209972.html,"$1,000 ",6037209972,,,,,9-Mar,
728,1,SAVE BIG BY MOVING TO PLUMTREE! $300 OFF MOVE IN!,https://corvallis.craigslist.org/apa/6036767557.html,"$1,020 ",6036767557,,,,,9-Mar,
728,1,THERE'S NO PLACE LIKE HOME!,https://corvallis.craigslist.org/apa/6012190598.html,$995 ,6012190598,,,,,8-Mar,
728,1,SAVE ON HEARTACHE AND MONEY BY MOVING TO PLUMTREE!,https://corvallis.craigslist.org/apa/6035227676.html,"$1,020 ",6035227676,,,,,8-Mar,
728,1,EASY TRAVEL TO OSU! CALL THE LODGES TODAY!,https://corvallis.craigslist.org/apa/6034296328.html,"$1,000 ",6034296328,,,,,7-Mar,
728,1,HAVE YOU HEARD!? WE ARE OFFERING A SPECIAL!!,https://corvallis.craigslist.org/apa/6034245524.html,"$1,020 ",6034245524,,,,,7-Mar,
728,1,THE PERFECT PLACE TO CALL HOME!,https://corvallis.craigslist.org/apa/6034089319.html,"$1,020 ",6034089319,,,,,7-Mar,
728,1,Beautiful one bedrooms with amazing views! Why wait?,https://corvallis.craigslist.org/apa/6033616966.html,"$1,000 ",6033616966,,,,,7-Mar,
728,1,$300 OFF MOVE IN! THIS WEEK ONLY!!!,https://corvallis.craigslist.org/apa/6033438423.html,"$1,020 ",6033438423,,,,,7-Mar,
728,1,LOVE WHERE YOU LIVE!!,https://corvallis.craigslist.org/apa/6032853006.html,"$1,020 ",6032853006,,,,,6-Mar,
728,1,Amazing 1 bedrooms available now! Ask about our limited time special!,https://corvallis.craigslist.org/apa/6032809772.html,"$1,000 ",6032809772,,,,,6-Mar,
728,1,SAVE MONEY BY MOVING TO PLUMTREE,https://corvallis.craigslist.org/apa/6032435004.html,"$1,020 ",6032435004,,,,,6-Mar,
728,2,**2 bed/1bath ONLY 7 BLOCKS FROM OSU**,https://corvallis.craigslist.org/apa/6032429377.html,$900 ,6032429377,,,,,6-Mar,
728,1,A SPECIAL THAT IS OUT OF THIS WORLD!,https://corvallis.craigslist.org/apa/6032255889.html,"$1,020 ",6032255889,,,,,6-Mar,
728,1,WE CHOOSE YOU!!,https://corvallis.craigslist.org/apa/6020939660.html,"$1,000 ",6020939660,,,,,6-Mar,
728,1,YOUR SEARCH ENDS AT PLUMTREE!,https://corvallis.craigslist.org/apa/6031050841.html,"$1,020 ",6031050841,,,,,5-Mar,
728,1,FIND S'MORE AT THE LODGES!!!,https://corvallis.craigslist.org/apa/6031049638.html,"$1,000 ",6031049638,,,,,5-Mar,
728,1,HOP OVER TO YOUR NEW PAD!,https://corvallis.craigslist.org/apa/6029945499.html,"$1,020 ",6029945499,,,,,4-Mar,
728,1,THERE'S NO PLACE LIKE HOME!,https://corvallis.craigslist.org/apa/6029948052.html,"$1,000 ",6029948052,,,,,4-Mar,
728,1,4 WEEKS FREE RENT - LIMITED TIME ONLY AT THE LODGES!,https://corvallis.craigslist.org/apa/6029669804.html,"$1,000 ",6029669804,,,,,4-Mar,
728,1,LOVING YOUR HOME IS JUST A CLICK AWAY!!!,https://corvallis.craigslist.org/apa/6028735205.html,"$1,020 ",6028735205,,,,,3-Mar,
728,1,FIND THE BEST DEALS AT THE LODGES LUXURY APTS! 4 WEEKS FREE RENT!,https://corvallis.craigslist.org/apa/6028240365.html,"$1,000 ",6028240365,,,,,3-Mar,
728,1,KEEP YOUR EYES OPEN AT PLUMTREE!,https://corvallis.craigslist.org/apa/6027100294.html,"$1,020 ",6027100294,,,,,2-Mar,
728,1,PACK YOUR BAGS AND MOVE TO PLUMTREE!,https://corvallis.craigslist.org/apa/6025761906.html,"$1,020 ",6025761906,,,,,1-Mar,
728,1,SPRING OVER TO THE LODGES TODAY!,https://corvallis.craigslist.org/apa/6019660150.html,"$1,000 ",6019660150,,,,,1-Mar,
728,1,CALL ABOUT OUR SPECIAL TODAY!!,https://corvallis.craigslist.org/apa/6025373795.html,"$1,020 ",6025373795,,,,,1-Mar,
728,1,START FRESH WITH THIS BEAUTIFUL 1 BEDROOM,https://corvallis.craigslist.org/apa/5998181241.html,$995 ,5998181241,,,,,1-Mar,
728,1,CALL AND SET UP YOUR TOUR TODAY!!!,https://corvallis.craigslist.org/apa/6024138793.html,"$1,020 ",6024138793,,,,,28-Feb,
728,1,LOVE WHERE YOU LIVE <3,https://corvallis.craigslist.org/apa/6023902797.html,"$1,020 ",6023902797,,,,,28-Feb,
728,1,1/2 off first months rent with immediate move-in! Call now!,https://corvallis.craigslist.org/apa/6023780117.html,"$1,000 ",6023780117,,,,,28-Feb,
728,1,DON'T DENY IT YOU KNOW YOU WANT IT!,https://corvallis.craigslist.org/apa/6003936258.html,$995 ,6003936258,,,,,27-Feb,
728,1,FIND S'MORE AT PLUMTREE APARTMENTS!!,https://corvallis.craigslist.org/apa/6022901915.html,"$1,020 ",6022901915,,,,,27-Feb,
728,1,DON'T MISS OUT ON LIVING AT THE LODGES ‰ª´  1ST LEVEL 1BR!,https://corvallis.craigslist.org/apa/5995596954.html,"$1,000 ",5995596954,,,,,27-Feb,
728,1,Units available NOW! Why wait?,https://corvallis.craigslist.org/apa/6019554893.html,"$1,000 ",6019554893,,,,,25-Feb,
728,1,TAX SPECIAL = MINIMAL MOVE IN COSTS ONLY AT THE LODGES! APPLY TODAY!,https://corvallis.craigslist.org/apa/6006728573.html,"$1,000 ",6006728573,,,,,25-Feb,
728,1,RENT A LUXURY APT WITH MINIMAL MOVE IN COSTS! CALL THE LODGES NOW!,https://corvallis.craigslist.org/apa/6005294970.html,"$1,000 ",6005294970,,,,,24-Feb,
728,1,Pet Friendly Luxary Apartment Homes Call for More Details!,https://corvallis.craigslist.org/apa/5997015768.html,$995 ,5997015768,,,,,24-Feb,
728,1,One bedrooms available! Apply now!,https://corvallis.craigslist.org/apa/6017800462.html,"$1,000 ",6017800462,,,,,24-Feb,
728,1,"One bedroom with gorgeous view, available now!",https://corvallis.craigslist.org/apa/6016931245.html,"$1,000 ",6016931245,,,,,23-Feb,
728,1,Cutest 1 bedroom you'll ever see!,https://corvallis.craigslist.org/apa/5995265365.html,"$1,020 ",5995265365,,,,,23-Feb,
728,1,TAX SEASON SPECIAL @ THE LODGES! CALL NOW TO GET FREE RENT!,https://corvallis.craigslist.org/apa/6013961337.html,"$1,000 ",6013961337,,,,,21-Feb,
728,1,1 bedroom available for IMMEDIATE move-in! Come see your new home!,https://corvallis.craigslist.org/apa/6004791636.html,"$1,000 ",6004791636,,,,,15-Feb,
728,1,THE BEST VALENTINE'S GIFT IS FREE RENT! CALL THE LODGES TODAY!,https://corvallis.craigslist.org/apa/5997722777.html,"$1,000 ",5997722777,,,,,10-Feb,
728,1,The one bedroom of your DREAMS!,https://corvallis.craigslist.org/apa/5988413249.html,"$1,020 ",5988413249,,,,,9-Feb,
728,1,One bedroom with gorgeous view! Apply now!,https://corvallis.craigslist.org/apa/5983859483.html,"$1,000 ",5983859483,,,,,31-Jan,
728,1,LOVE WHERE YOU LIVE! LIVE AT PLUMTREE LUXURY APTS!,https://corvallis.craigslist.org/apa/6029346259.html,$995 ,6029346259,,,,,4-Mar,
728,1,THE LODGES LUXURY APTS ONLY HAS ONE MORE DAY TO GET 4 WEEKS FREE RENT!,https://corvallis.craigslist.org/apa/6039394019.html,"$1,000 ",6039394019,,,,,11-Mar,
728,1,"Luxury one bedroom with gorgeous view, available NOW!",https://corvallis.craigslist.org/apa/6039377897.html,"$1,000 ",6039377897,,,,,11-Mar,
728,1,WE'VE GOT EVERYTHING ON YOUR LIST!!,https://corvallis.craigslist.org/apa/6015581179.html,"$1,020 ",6015581179,,,,,10-Mar,
728,1,WE WANT YOU TO LOVE WHERE YOU LIVE! CALL THE LODGES LUXURY APTS. TODAY,https://corvallis.craigslist.org/apa/6038503585.html,"$1,000 ",6038503585,,,,,10-Mar,
728,1,$1020 / 1br - 728ft2 - COME CHECK OUT THIS WEEKS SPECIALS,https://corvallis.craigslist.org/apa/6038503454.html,"$1,020 ",6038503454,,,,,10-Mar,
740,2,15 Minute Bike Ride to OSU!!!,https://corvallis.craigslist.org/apa/6022226921.html,$985 ,6022226921,,,,,27-Feb,
750,2,Live Right Across The Street From OSU,https://corvallis.craigslist.org/apa/6038322763.html,"$1,350 ",6038322763,,,,,10-Mar,
750,2,Must See 2 Bedroom Apartment Close to 9th Street ~ 1645 NW Division #3,https://corvallis.craigslist.org/apa/6037961553.html,$825 ,6037961553,,,,,10-Mar,
750,2,2 Bedroom Apartment Located Near 9th Street ~ 951 NW Garfield,https://corvallis.craigslist.org/apa/6002393044.html,$825 ,6002393044,,,,,10-Mar,
750,2,Spacious 2 bed 1 bath close to campus! $300 off 1st months rent!,https://corvallis.craigslist.org/apa/6032285054.html,$850 ,6032285054,,,,,9-Mar,
750,1,!!!Spacious ONE Bedroom,https://corvallis.craigslist.org/apa/6010740474.html,$750 ,6010740474,,,,,7-Mar,
750,1,One bedroom apartment,https://corvallis.craigslist.org/apa/6032312580.html,$697 ,6032312580,,,,,6-Mar,
750,1,1 Bedroom Apartment NEXT DOOR TO OSU CAMPUS  SECURE,https://corvallis.craigslist.org/apa/5988501440.html,"$1,250 ",5988501440,,,,,2-Mar,
750,1,Room for rent,https://corvallis.craigslist.org/apa/6018464058.html,$750 ,6018464058,,,,,24-Feb,
750,2,2 Bedroom Apartment Close to 9th Street ~ 1649 NW Division #1,https://corvallis.craigslist.org/apa/5992064033.html,$825 ,5992064033,,,,,8-Feb,
750,2,Ready for your occupancy!,https://corvallis.craigslist.org/apa/5992544851.html,$850 ,5992544851,,,,,6-Feb,
750,2,"2 bdr Townhouse-Located near shopping, restaurants, and coffee shops",https://corvallis.craigslist.org/apa/5988113477.html,$670 ,5988113477,,,,,3-Feb,
752,2,Cat Friendly Duplex Walking Distance to Campus~706 NW 14th,https://corvallis.craigslist.org/apa/6023631714.html,$995 ,6023631714,,,,,10-Mar,
756,2,"Chestnut Village #86, 2bd/1ba Apt, Covered Parking Space",https://corvallis.craigslist.org/apa/6028041102.html,$850 ,6028041102,,,,,9-Mar,
760,2,"Dutch Bros, Sky High, OSU all in a 2 Mile Radius!!",https://corvallis.craigslist.org/apa/6026285711.html,"$1,100 ",6026285711,,,,,2-Mar,
763,2,Get Approved in Minutes & Move in TODAY!,https://corvallis.craigslist.org/apa/6037850213.html,"$1,100 ",6037850213,,,,,10-Mar,
763,2,Pack Your Bags & Move in TOMORROW!!!,https://corvallis.craigslist.org/apa/6037082744.html,"$1,100 ",6037082744,,,,,9-Mar,
763,2,STOP by and LOOK then LEASE! Close to Downtown & OSU!,https://corvallis.craigslist.org/apa/6033591015.html,"$1,100 ",6033591015,,,,,7-Mar,
763,,"Pool View, End Unit, & Open Patio...SCORE!!!",https://corvallis.craigslist.org/apa/6032131859.html,"$1,100 ",6032131859,,,,,6-Mar,
763,2,CTS Bus Route #4 Runs in Front of Our Community! How Convenient!,https://corvallis.craigslist.org/apa/6028393715.html,"$1,100 ",6028393715,,,,,3-Mar,
763,2,Gear Up for The Summer - Check this Spacious 2 Bedroom Now Ready!,https://corvallis.craigslist.org/apa/6038625039.html,"$1,100 ",6038625039,,,,,10-Mar,
764,2,BRING YOUR PET!!! 2 BEDROOMS COMING SOON!!!,https://corvallis.craigslist.org/apa/6038465099.html,$825 ,6038465099,,,,,10-Mar,
768,2,Nice 2 bedroom apartment in quiet Philomath neighborhood,https://corvallis.craigslist.org/apa/6018560937.html,$725 ,6018560937,,,,,24-Feb,
773,1,Enduring 1 Bedroom Apartment Near 9th Street ~ 1635 NW Division #8,https://corvallis.craigslist.org/apa/5982247433.html,$825 ,5982247433,,,,,6-Feb,
785,2,"FALL QUARTERS updated Apartment #116, unbeatable Location!",https://corvallis.craigslist.org/apa/6022617716.html,"$1,050 ",6022617716,,,,,9-Mar,
785,2,Fall Quarters Updated Apat. Unbeatable Location #221,https://corvallis.craigslist.org/apa/6027994501.html,"$1,050 ",6027994501,,,,,9-Mar,
785,2,"FALL QUARTERS Updated Apartment, Unbeatable Location!",https://corvallis.craigslist.org/apa/5989895882.html,"$1,050 ",5989895882,,,,,3-Mar,
788,2,Now Reserving Beautiful Updated 2 Bedroom/1 Bath!  *Mid-May*,https://corvallis.craigslist.org/apa/6034959940.html,$820 ,6034959940,,,,,10-Mar,
788,2,Now Reserving for Spring!  Pets are Welcome at The Monarch!,https://corvallis.craigslist.org/apa/6001874466.html,$850 ,6001874466,,,,,10-Mar,
788,2,Now Reserving Updated 2 Bedroom Apartment for Spring!,https://corvallis.craigslist.org/apa/6036481686.html,$820 ,6036481686,,,,,9-Mar,
788,2,"‰÷_ ‰ª´ 2BR 1.5Bath, Water/Sewer/Garbage are included w/rent",https://corvallis.craigslist.org/apa/6032140220.html,$850 ,6032140220,,,,,6-Mar,
788,2,"‰÷_ ‰ª´ 2BR 1.5Bath Rent included Water, Sewer & Garbage",https://corvallis.craigslist.org/apa/6011670216.html,$850 ,6011670216,,,,,20-Feb,
788,2,Now Reserving 2x1.5 Updated Apartment!  Available 4/7!,https://corvallis.craigslist.org/apa/5954832199.html,$850 ,5954832199,,,,,10-Feb,
788,2,Now Reserving for Spring!  Updated 2 Bedroom/1 Bath!,https://corvallis.craigslist.org/apa/5951905692.html,$820 ,5951905692,,,,,7-Feb,
800,2,2 Bedroom in Philomath! & Small Pet Friendly ~ 2021 Applegate #6,https://corvallis.craigslist.org/apa/6033485156.html,$825 ,6033485156,,,,,10-Mar,
800,2,Kings Apartment #4,https://corvallis.craigslist.org/apa/6028016939.html,$975 ,6028016939,,,,,9-Mar,
800,1,1 bdrm cottage on horse ranch,https://corvallis.craigslist.org/apa/6035742449.html,$700 ,6035742449,,,,,8-Mar,
800,2,"2 bd, 1 ba - Blocks from OSU and downtown!",https://corvallis.craigslist.org/apa/6035729455.html,$895 ,6035729455,,,,,8-Mar,
800,1,2 Blocks from OSU Campus! W/S/G Paid & Cat Friendly! ~ 617 NW 21st #2,https://corvallis.craigslist.org/apa/6032090936.html,$825 ,6032090936,,,,,8-Mar,
800,1,Business traveler ready! Apartment,https://corvallis.craigslist.org/apa/6021963420.html,$90 ,6021963420,,,,,1-Mar,
800,2,Eloquent 2 Bedroom in Centrally Located Philomath Area~1531 Applegate,https://corvallis.craigslist.org/apa/6023717245.html,$925 ,6023717245,,,,,28-Feb,
800,2,2 bedroom located across the street from OSU! ~ 111 NW 11th #104,https://corvallis.craigslist.org/apa/5991858291.html,$990 ,5991858291,,,,,27-Feb,
800,2,Samll Pet Friendly Apartment Located in Philomath ~ 2021 Applegate #5,https://corvallis.craigslist.org/apa/5992213891.html,$825 ,5992213891,,,,,21-Feb,
800,2,Duplex Apartment,https://corvallis.craigslist.org/apa/5995811325.html,"$1,195 ",5995811325,,,,,8-Feb,
803,1,Beautiful large 1 bedroom with fire place!,https://corvallis.craigslist.org/apa/6038342387.html,"$1,060 ",6038342387,,,,,10-Mar,
803,1,Beautiful large 1 bedroom with fire place!,https://corvallis.craigslist.org/apa/6038345520.html,"$1,060 ",6038345520,,,,,10-Mar,
810,2,2 Bedroom Duplex Located In Philomath ~ 2536 Newton,https://corvallis.craigslist.org/apa/5991931846.html,$995 ,5991931846,,,,,8-Feb,
820,2,2 Bedroom Apartment Close to 9th Street ~ 965 NW Hobart #7,https://corvallis.craigslist.org/apa/6013237932.html,$825 ,6013237932,,,,,10-Mar,
825,2,BEST RENTAL FOR THE PRICE,https://corvallis.craigslist.org/apa/6038444855.html,"$1,000 ",6038444855,,,,,10-Mar,
826,2,Savvy 2 Bedroom Near Downtown W/S/G Paid! 2521 SW Pickford #A,https://corvallis.craigslist.org/apa/6032135366.html,$825 ,6032135366,,,,,10-Mar,
828,2,Great 2 Bedroom Apartment on the River,https://corvallis.craigslist.org/apa/6023987796.html,"$1,545 ",6023987796,,,,,10-Mar,
839,2,West Oaks Condo--G 202,https://corvallis.craigslist.org/apa/6022499006.html,"$1,250 ",6022499006,,,,,10-Mar,
839,2,Furnished 2 Bedroom Condo in Corvallis,https://corvallis.craigslist.org/apa/5945548708.html,"$1,795 ",5945548708,,,,,2-Feb,
839,2,Furnished 2-bed 2-bath condominium in Grand Oaks,https://corvallis.craigslist.org/apa/5945773118.html,"$1,695 ",5945773118,,,,,1-Feb,
840,2,Upgraded 2 BD/1 BA w/W/D Hookups *Avail 3/24*,https://corvallis.craigslist.org/apa/6007528704.html,$895 ,6007528704,,,,,10-Mar,
840,2,Now Reserving for Spring!  Updated 2 Bedroom/1 Bath w/W/D Hook Ups!,https://corvallis.craigslist.org/apa/6037952923.html,$895 ,6037952923,,,,,10-Mar,
840,2,2 Bedroom/1 Bath w/W/D Hookups!   *READY 3/10*,https://corvallis.craigslist.org/apa/6034995312.html,$895 ,6034995312,,,,,10-Mar,
840,2,Now Reserving!  Beautiful Upgraded 2 BD/1 BA w/W/D Hookups!,https://corvallis.craigslist.org/apa/6033552966.html,$895 ,6033552966,,,,,9-Mar,
840,2,Beautiful 2 BD/1 BA with W/D Hookups! APPLY NOW!,https://corvallis.craigslist.org/apa/6036426455.html,$895 ,6036426455,,,,,9-Mar,
840,2,Available NOW!  Beautiful Updated 2 BD/1 BA with W/D Hookups!,https://corvallis.craigslist.org/apa/6036420348.html,$895 ,6036420348,,,,,9-Mar,
840,2,"Two bedroom one bath! w/s/g included, private balcony",https://corvallis.craigslist.org/apa/5994017999.html,$845 ,5994017999,,,,,7-Mar,
840,2,Now Renting!  Beautiful 2 Bedroom/1 Bath w/Washer and Dryer Hookups!,https://corvallis.craigslist.org/apa/5954762452.html,$895 ,5954762452,,,,,8-Feb,
840,2,Beautiful 2 BD/1 BA w/W/D Hookups! Reserving for Spring!,https://corvallis.craigslist.org/apa/5946552116.html,$895 ,5946552116,,,,,2-Feb,
840,2,Reserving for April!  Beautiful 2 BD/1 BA w/W/D Hookups!,https://corvallis.craigslist.org/apa/5943597029.html,$895 ,5943597029,,,,,1-Feb,
840,2,Now Reserving for March 10! Updated 2 BD/1 BA w/W/D Hookups!,https://corvallis.craigslist.org/apa/5943595060.html,$895 ,5943595060,,,,,30-Jan,
845,2,Remodeled 2 Bedroom Commutable to 9th Street ~ 122 NE Conifer #6,https://corvallis.craigslist.org/apa/5948021304.html,$895 ,5948021304,,,,,1-Feb,
850,2,LAFONDA #19-2 Blocks OFF Campus,https://corvallis.craigslist.org/apa/6022630250.html,"$1,095 ",6022630250,,,,,9-Mar,
850,1,Delightful Cat Friendly 1 Bedroom Near Campus ~ 231 NW 9th,https://corvallis.craigslist.org/apa/6007708137.html,$795 ,6007708137,,,,,3-Mar,
850,2,2 Bedroom Townhouse,https://corvallis.craigslist.org/apa/6027162750.html,$850 ,6027162750,,,,,2-Mar,
850,2,Like new 2 bedroom/2 bathroom units in Monmouth!! 20 minute drive,https://corvallis.craigslist.org/apa/5968472799.html,"$1,000 ",5968472799,,,,,7-Feb,
850,2,Spacious 2 Bedroom Upstairs with Stackable W/D,https://corvallis.craigslist.org/apa/5994130563.html,$865 ,5994130563,,,,,16-Feb,
850,2,"Historical Home Tastefully Updated, Near Bryant Park. PETS WELCOME!",https://corvallis.craigslist.org/apa/6038512270.html,$795 ,6038512270,,,,,10-Mar,
856,2,"Large, Updated 2 Bedroom Near Lilly Park ~ 325 SE Lilly #D",https://corvallis.craigslist.org/apa/5991903453.html,$925 ,5991903453,,,,,27-Feb,
865,2,WE LOVE PETS!,https://corvallis.craigslist.org/apa/6030592035.html,$995 ,6030592035,,,,,5-Mar,
866,2,2 Bedroom Available Soon!!,https://corvallis.craigslist.org/apa/5996454393.html,$945 ,5996454393,,,,,9-Feb,
866,2,2 Bedroom with Vaulted Ceilings!,https://corvallis.craigslist.org/apa/5986418534.html,$945 ,5986418534,,,,,2-Feb,
870,2,***GREAT FOR OSU STUDENTS! ONE MONTH FREE!!!***,https://corvallis.craigslist.org/apa/6002528365.html,$825 ,6002528365,,,,,7-Mar,
875,2,PETS ARE AWESOME!,https://corvallis.craigslist.org/apa/6035052571.html,$995 ,6035052571,,,,,8-Mar,
884,2,Roomy 2 Bedroom Walking Distance to 9th Street ~ 1465 NW Division #4,https://corvallis.craigslist.org/apa/5991917673.html,$895 ,5991917673,,,,,15-Feb,
900,2,"Fresh, homey apartment near campus",https://corvallis.craigslist.org/apa/6038186284.html,"$1,150 ",6038186284,,,,,10-Mar,
900,2,Off street Parking! Pet Friendly Duplex ~ 225 SE Alexander,https://corvallis.craigslist.org/apa/6037956109.html,$950 ,6037956109,,,,,10-Mar,
900,2,"Stunning view, off street parking, cat friendly~ 2500 NW Princess #304",https://corvallis.craigslist.org/apa/6021899355.html,"$1,125 ",6021899355,,,,,10-Mar,
900,2,Remodeled Apartment in Albany & Small Pet Friendly ~ 904 21st Ave SW,https://corvallis.craigslist.org/apa/6033460531.html,$825 ,6033460531,,,,,10-Mar,
900,2,2 BEDROOM APARTMENT AVAILABLE NOW!!!!,https://corvallis.craigslist.org/apa/6036557034.html,$835 ,6036557034,,,,,9-Mar,
900,2,2 BEDROOM APARTMENT AVAILABLE APRIL 10TH!!!!,https://corvallis.craigslist.org/apa/6036559977.html,$875 ,6036559977,,,,,9-Mar,
900,,Sweethome 3 bedroom 1 bath,https://corvallis.craigslist.org/apa/6035359668.html,$925 ,6035359668,,,,,8-Mar,
900,2,"Fresh, homey apartment near campus",https://corvallis.craigslist.org/apa/6033858365.html,"$1,150 ",6033858365,,,,,7-Mar,
900,2,***ONLY 2 BLOCKS FROM OSU CAMPUS~ 2 BED/1BATH!!!***,https://corvallis.craigslist.org/apa/6032425377.html,"$1,100 ",6032425377,,,,,6-Mar,
900,2,"Fresh, homey apartment near campus",https://corvallis.craigslist.org/apa/6028330163.html,"$1,150 ",6028330163,,,,,3-Mar,
900,2,"Fresh, remodeled 2-bed duplexes",https://corvallis.craigslist.org/apa/5975176729.html,"$1,095 ",5975176729,,,,,24-Feb,
900,2,"1603 S 9th Street - 2 bd, 1 ba with W/D hookups in unit!",https://corvallis.craigslist.org/apa/5996295653.html,$845 ,5996295653,,,,,23-Feb,
900,2,Newly Remodeled 2 Bedroom Duplexes.,https://corvallis.craigslist.org/apa/5972476663.html,"$1,095 ",5972476663,,,,,20-Feb,
900,2,Off-Street Parking! Pet Friendly! ~ 619 NW 30th,https://corvallis.craigslist.org/apa/5976317997.html,"$1,195 ",5976317997,,,,,17-Feb,
900,2,Substantially Sized 2 Bedroom in Convenient Albany Location ~ 934 21st,https://corvallis.craigslist.org/apa/5952024239.html,$825 ,5952024239,,,,,30-Jan,
900,2,Pet Friendly Apartment Close to West Albany High School ~ 938 21st Ave,https://corvallis.craigslist.org/apa/5954978709.html,$825 ,5954978709,,,,,30-Jan,
900,2,Pet Friendly! W/D Hookups & Fenced Yard! ~ 333 NW 12th,https://corvallis.craigslist.org/apa/5972106908.html,"$1,195 ",5972106908,,,,,30-Jan,
903,2,"Professionally Managed, Linen Closet, Patio, Near LBCC, WD",https://corvallis.craigslist.org/apa/6037995969.html,$925 ,6037995969,,,,,10-Mar,
903,2,"Professionally Managed, Linen Closet, Patio, Near LBCC, WD",https://corvallis.craigslist.org/apa/6029557951.html,$925 ,6029557951,,,,,4-Mar,
903,2,"Professionally Managed, Linen Closet, Patio, Near LBCC, WD",https://corvallis.craigslist.org/apa/6028471710.html,$925 ,6028471710,,,,,3-Mar,
903,2,"Professionally Managed, Linen Closet, Patio, Near LBCC, WD",https://corvallis.craigslist.org/apa/6018057351.html,$925 ,6018057351,,,,,24-Feb,
903,2,"Available Now, Full Size Washer/Dryer",https://corvallis.craigslist.org/apa/6013985475.html,$925 ,6013985475,,,,,21-Feb,
903,2,"Professionally Managed, Linen Closet, Patio, Near LBCC, WD",https://corvallis.craigslist.org/apa/6011952350.html,$925 ,6011952350,,,,,20-Feb,
903,2,"1 Available Now, Full Size Washer/Dryer",https://corvallis.craigslist.org/apa/6011926976.html,$925 ,6011926976,,,,,20-Feb,
903,2,1 AVAILBLE NOW - with full size wahser/dryer,https://corvallis.craigslist.org/apa/6000936347.html,$925 ,6000936347,,,,,12-Feb,
903,2,"Available 1 Now, Full Size Washer/Dryer",https://corvallis.craigslist.org/apa/5994001136.html,$925 ,5994001136,,,,,7-Feb,
903,2,"Professionally Managed, Linen Closet, Patio, Near LBCC, WD",https://corvallis.craigslist.org/apa/5989629146.html,$925 ,5989629146,,,,,4-Feb,
903,2,Available Mid March - Full Size Washer/Dryer,https://corvallis.craigslist.org/apa/5984102512.html,$925 ,5984102512,,,,,31-Jan,
903,2,"Nice Units facing the Creek, Full size Washer and Dryer",https://corvallis.craigslist.org/apa/5980963983.html,$925 ,5980963983,,,,,29-Jan,
903,2,"Washer/Dryer in Units - Call ""NOW""",https://corvallis.craigslist.org/apa/5980957560.html,$925 ,5980957560,,,,,29-Jan,
905,2,2 Bedroom 1 Bathroom Apartments Available!,https://corvallis.craigslist.org/apa/6007692358.html,"$1,170 ",6007692358,,,,,8-Mar,
905,2,Two Bedroom One Bathroom Available Now!!,https://corvallis.craigslist.org/apa/6023691436.html,"$1,170 ",6023691436,,,,,28-Feb,
905,2,Cozy 2-bedroom apartment close to Timberhill! DEPOSIT INCLUDED!,https://corvallis.craigslist.org/apa/6018078491.html,"$1,170 ",6018078491,,,,,24-Feb,
905,2,Two Bedroom One Bathroom Available Now!!,https://corvallis.craigslist.org/apa/5966823599.html,"$1,170 ",5966823599,,,,,2-Feb,
905,2,Two Bedroom One Bathroom Available Now!!,https://corvallis.craigslist.org/apa/5976345020.html,"$1,170 ",5976345020,,,,,26-Jan,
915,2,*** Spring Special $1000 a month!**** 2 bedroom townhouse!,https://corvallis.craigslist.org/apa/6002525254.html,"$1,000 ",6002525254,,,,,23-Feb,
918,2,"ACROSS FROM LBCC-- AVAILABILITY NOW -2BED,2BATH",https://corvallis.craigslist.org/apa/6036563652.html,$930 ,6036563652,,,,,9-Mar,
923,2,2BED/2BATH APARTMENT 8 MONTH LEASE,https://corvallis.craigslist.org/apa/6010390973.html,$990 ,6010390973,,,,,19-Feb,
923,2,"Available now! 2 bed, 2 bath in a quiet community",https://corvallis.craigslist.org/apa/6010437802.html,$999 ,6010437802,,,,,11-Mar,
924,2,"This apartment is so GROOVY, it's insane! 2 for 1 pet!",https://corvallis.craigslist.org/apa/6039398255.html,"$1,175 ",6039398255,,,,,11-Mar,
925,2,Large 2 bedroom *Great location,https://corvallis.craigslist.org/apa/6032444882.html,$850 ,6032444882,,,,,6-Mar,
925,2,‰_Ó‰_Ó‰_ÓWOW! My own yard for my dog?!‰_,https://corvallis.craigslist.org/apa/6026977049.html,"$1,175 ",6026977049,,,,,2-Mar,
925,2,‰÷¼Best Price of the YEAR! Just $1175 *limited time..garage! yard!,https://corvallis.craigslist.org/apa/6026962549.html,"$1,175 ",6026962549,,,,,2-Mar,
925,2,Duplex in March! ‰÷ÛBackyard for your dog!‰÷Û,https://corvallis.craigslist.org/apa/6038480268.html,"$1,175 ",6038480268,,,,,10-Mar,
925,2,‰Ï¡‰Ï¡Move-in Now!!!!!!! $1175 ‰Ï¡‰Ï¡,https://corvallis.craigslist.org/apa/6038476773.html,"$1,175 ",6038476773,,,,,10-Mar,
928,2,Large 2 bedroom 2 bathroom Apartment!!!,https://corvallis.craigslist.org/apa/6023665648.html,"$1,250 ",6023665648,,,,,28-Feb,
928,2,2 Bedroom 2 Bathroom Luxury Apartments,https://corvallis.craigslist.org/apa/6035715521.html,"$1,250 ",6035715521,,,,,8-Mar,
932,2,2 bed 2 bath available for Pre-lease RESERVE NOW!!!,https://corvallis.craigslist.org/apa/5995648590.html,"$1,650 ",5995648590,,,,,9-Mar,
932,2,2 bed 2 bath available for Pre-lease RESERVE NOW!!!,https://corvallis.craigslist.org/apa/5993655751.html,"$1,650 ",5993655751,,,,,8-Mar,
932,2,RESERVE NOW FOR FALL 2017 - Secure Access,https://corvallis.craigslist.org/apa/5958192676.html,"$1,600 ",5958192676,,,,,10-Feb,
936,2,**APPS PENDING** Cute 2BR/1BA in 4-plex!,https://corvallis.craigslist.org/apa/6036036222.html,$825 ,6036036222,,,,,9-Mar,
941,2,Spacious Two Bedroom Two Bathroom Apartments,https://corvallis.craigslist.org/apa/6006790838.html,"$1,220 ",6006790838,,,,,8-Mar,
941,2,Spacious Two Bedroom Two Bathroom,https://corvallis.craigslist.org/apa/5972354842.html,"$1,220 ",5972354842,,,,,2-Feb,
941,2,Two Bedroom Two Bathroom !! Great Location!,https://corvallis.craigslist.org/apa/5966823874.html,"$1,220 ",5966823874,,,,,2-Feb,
950,2,"Near Starbucks and Fred Meyer, Apply today!",https://corvallis.craigslist.org/apa/6038399024.html,$999 ,6038399024,,,,,10-Mar,
950,3,"3 bedroom, 1 bath Duplex quite location",https://corvallis.craigslist.org/apa/6034054008.html,"$1,025 ",6034054008,,,,,10-Mar,
950,2,"Professionally Managed, Near Fred Meyer and Schools",https://corvallis.craigslist.org/apa/6034044502.html,$999 ,6034044502,,,,,7-Mar,
950,2,"Duplex 2 bedroom/1bath, $750",https://corvallis.craigslist.org/apa/6032910819.html,$750 ,6032910819,,,,,6-Mar,
950,2,"Apply Today, Professionally Managed, Near S Albany HS",https://corvallis.craigslist.org/apa/6032142232.html,$999 ,6032142232,,,,,6-Mar,
950,2,Awesome Townhome for Rent Near Parks and Schools,https://corvallis.craigslist.org/apa/6032124101.html,$999 ,6032124101,,,,,6-Mar,
950,2,"Near Starbucks and Fred Meyer, Professionally Managed, Apply Today",https://corvallis.craigslist.org/apa/6028355584.html,$999 ,6028355584,,,,,3-Mar,
950,2,"Lease Today, Spacious, Basketball Court",https://corvallis.craigslist.org/apa/6026440149.html,$999 ,6026440149,,,,,2-Mar,
950,2,Apply Today Professionally Managed,https://corvallis.craigslist.org/apa/6023602231.html,$999 ,6023602231,,,,,28-Feb,
950,2,"Near Starbucks and Fred Meyer, Available Now, Spacious,",https://corvallis.craigslist.org/apa/6018444088.html,$999 ,6018444088,,,,,24-Feb,
950,2,Professionally Managed Apply Today,https://corvallis.craigslist.org/apa/6017814778.html,$999 ,6017814778,,,,,24-Feb,
950,2,"Tennis Court, Convenient Laundry Center, Lease Now",https://corvallis.craigslist.org/apa/6016821019.html,$999 ,6016821019,,,,,23-Feb,
950,2,"Apply Today, Professionally Managed, Near S Albany HS",https://corvallis.craigslist.org/apa/6011928370.html,$999 ,6011928370,,,,,20-Feb,
950,2,Awesome Townhome for Rent Near Parks and Schools,https://corvallis.craigslist.org/apa/6011837119.html,$999 ,6011837119,,,,,20-Feb,
950,2,"Near Starbucks and Fred Meyer, Available Now, Spacious,",https://corvallis.craigslist.org/apa/6011727337.html,$999 ,6011727337,,,,,20-Feb,
952,2,$1120 / 2br - 952ft2 - PLUMTREE SPECIALS THIS WEEK!!! OPEN FOR DETAILS,https://corvallis.craigslist.org/apa/6038062692.html,"$1,120 ",6038062692,,,,,10-Mar,
952,2,$1120 / 2br - 952ft2 - PLUMTREE SPECIALS THIS WEEK!!! OPEN FOR DETAILS,https://corvallis.craigslist.org/apa/6037188741.html,"$1,120 ",6037188741,,,,,9-Mar,
952,2,$1120 / 2br - 952ft2 - TOUR AND APPLY TODAY FOR 1/2 OFF APPS AND $300,https://corvallis.craigslist.org/apa/6037176275.html,"$1,120 ",6037176275,,,,,9-Mar,
952,2,TOUR AND APPLY TODAY FOR 1/2 OFF APPS AND $300 OFF MOVE IN!!,https://corvallis.craigslist.org/apa/6035524049.html,"$1,120 ",6035524049,,,,,8-Mar,
952,2,FALL IN LOVE WITH THIS 2 BEDROOM AND OUR SPECIAL!,https://corvallis.craigslist.org/apa/6034254326.html,"$1,120 ",6034254326,,,,,7-Mar,
952,2,THIS WEEK ONLY! $300 OFF! HURRY IN!,https://corvallis.craigslist.org/apa/6034251196.html,"$1,120 ",6034251196,,,,,7-Mar,
952,2,RAKE IN THE  SAVINGS WHEN YOU MOVE TO PLUMTREE,https://corvallis.craigslist.org/apa/6032436877.html,"$1,120 ",6032436877,,,,,6-Mar,
952,2,WE ARE THE POT OF GOLD AT THE END OF THE RAINBOW,https://corvallis.craigslist.org/apa/6032256410.html,"$1,120 ",6032256410,,,,,6-Mar,
952,1,DON'T MISS OUR TAX SEASON SPECIAL AT THE LODGES!,https://corvallis.craigslist.org/apa/6026612862.html,"$1,000 ",6026612862,,,,,2-Mar,
952,2,BEST KEPT SECRET IN ALBANY!!,https://corvallis.craigslist.org/apa/6023902596.html,"$1,120 ",6023902596,,,,,28-Feb,
952,2,YOU'RE RUNNING OUT OF TIME!! CALL THE LODGES TO GET 4 WEEKS FREE RENT!,https://corvallis.craigslist.org/apa/6013956516.html,"$1,120 ",6013956516,,,,,25-Feb,
952,2,WHY WAIT? TAKE ADVANTAGE OF 4 WEEKS FREE RENT! CALL THE LODGES NOW!,https://corvallis.craigslist.org/apa/6006422091.html,"$1,120 ",6006422091,,,,,24-Feb,
952,2,THIS 2 BEDROOM COULD BE ALL YOURS!!,https://corvallis.craigslist.org/apa/5988219202.html,"$1,120 ",5988219202,,,,,23-Feb,
952,2,$300 SECURITY DEPOSIT & 4 WEEKS FREE RENT! LIMITED TIME @ THE LODGES!,https://corvallis.craigslist.org/apa/6005098890.html,"$1,120 ",6005098890,,,,,22-Feb,
952,2,FIND S'MORE AT PLUMTREE APARTMENTS!!,https://corvallis.craigslist.org/apa/6014334751.html,"$1,120 ",6014334751,,,,,21-Feb,
952,2,Pet Friendly Luxary Apartment Homes Call for More Details!,https://corvallis.craigslist.org/apa/5988243811.html,"$1,120 ",5988243811,,,,,20-Feb,
952,2,WARM UP IN YOUR NEW HOME!!,https://corvallis.craigslist.org/apa/5994452511.html,"$1,120 ",5994452511,,,,,18-Feb,
952,2,RAKE IN THE SAVINGS WITH OUR TAX SEASON SPECIAL @THE LODGES!,https://corvallis.craigslist.org/apa/6004000593.html,"$1,120 ",6004000593,,,,,17-Feb,
952,2,LOVE WHERE YOU LIVE THIS V-DAY! GET A SWEET MOVE IN DEAL AT THE LODGES,https://corvallis.craigslist.org/apa/5997060464.html,"$1,120 ",5997060464,,,,,13-Feb,
952,2,‰ª´ SWEETHEART SPECIAL ‰ª´ MOVE BY 2/15 &GET 4 WEEKS RENT FREE! CALL NOW,https://corvallis.craigslist.org/apa/5995354937.html,"$1,120 ",5995354937,,,,,11-Feb,
952,2,Your On Your Way Home Sweet Home Luxury at It's Finest Only @ PlumTree,https://corvallis.craigslist.org/apa/5996827948.html,"$1,120 ",5996827948,,,,,9-Feb,
952,2,GRAB YOUR SWEETHEART AND MOVE TO PLUMTREE!,https://corvallis.craigslist.org/apa/5993601892.html,"$1,120 ",5993601892,,,,,9-Feb,
952,2,WANT LUXURY? APPLY@ THE LODGES &GET IT! TOUR OUR COMMUNITY LOUNGE NOW!,https://corvallis.craigslist.org/apa/5959575780.html,"$1,120 ",5959575780,,,,,3-Feb,
952,2,Your On Your Way Home Sweet Home Luxury at It's Finest Only @ PlumTree,https://corvallis.craigslist.org/apa/5986435120.html,"$1,125 ",5986435120,,,,,2-Feb,
957,2,2 bed 2 bath available for Pre-lease RESERVE NOW!!!,https://corvallis.craigslist.org/apa/6025622309.html,"$1,650 ",6025622309,,,,,10-Mar,
957,2,2 bed 2 bath available for pre-lease fall semester!!!,https://corvallis.craigslist.org/apa/6011973971.html,"$1,600 ",6011973971,,,,,10-Mar,
957,2,2 bed 2 bath available for pre-lease fall semester!!!,https://corvallis.craigslist.org/apa/6017879866.html,"$1,650 ",6017879866,,,,,10-Mar,
957,2,2 Bed 2 Bath ~ RESERVE NOW FOR FALL & SAVE $$ ~ Secure Building,https://corvallis.craigslist.org/apa/5959738546.html,"$1,600 ",5959738546,,,,,13-Feb,
960,2,PRE-LEASE FOR APRIL MOVE-IN!!! APPLY TODAY!!,https://corvallis.craigslist.org/apa/6018153960.html,"$1,220 ",6018153960,,,,,10-Mar,
960,2,Pet Friendly 2 Bedroom Duplex With Large Backyard ~ 692 NW Walnut,https://corvallis.craigslist.org/apa/6002377812.html,"$1,195 ",6002377812,,,,,10-Mar,
960,2,BEAUTIFUL UPDATED 2BEDROOM TOWNHOME!!,https://corvallis.craigslist.org/apa/6026391141.html,"$1,220 ",6026391141,,,,,9-Mar,
960,2,MAKE THE MOVE to PARKWEST!,https://corvallis.craigslist.org/apa/6027887306.html,"$1,220 ",6027887306,,,,,8-Mar,
960,2,ACCEPTING APPLICATIONS FOR APRIL MOVE-IN!,https://corvallis.craigslist.org/apa/6034131133.html,"$1,220 ",6034131133,,,,,7-Mar,
960,2,Taking Reservations 2 BR 1Bath Quiet Neighborhood,https://corvallis.craigslist.org/apa/6001973189.html,$899 ,6001973189,,,,,13-Feb,
961,2,"RESERVE TODAY, GET $250 CASH BACK!!!",https://corvallis.craigslist.org/apa/6038068162.html,"$1,299 ",6038068162,,,,,10-Mar,
961,2,RESERVE TODAY GET $250 CASH BACK!!!,https://corvallis.craigslist.org/apa/6037083197.html,"$1,299 ",6037083197,,,,,9-Mar,
961,2,$250 CASH BACK!!! Reserve TODAY!!,https://corvallis.craigslist.org/apa/6036991943.html,"$1,299 ",6036991943,,,,,9-Mar,
961,2,Peaceful 2 bed/2 bath apartments!!,https://corvallis.craigslist.org/apa/6028105705.html,"$1,300 ",6028105705,,,,,3-Mar,
961,2,6298 SW Grand Oaks Drive,https://corvallis.craigslist.org/apa/5986576796.html,"$1,195 ",5986576796,,,,,3-Mar,
961,2,2 Bed / 2 Bath Available NEXT WEEK! RESERVE NOW!!,https://corvallis.craigslist.org/apa/6026792913.html,"$1,350 ",6026792913,,,,,2-Mar,
961,2,2 Bedroom / 2 Bath Available TODAY!!,https://corvallis.craigslist.org/apa/6018082886.html,"$1,350 ",6018082886,,,,,24-Feb,
961,2,2 Bedroom/ 2 Bath Apt with Wooded View,https://corvallis.craigslist.org/apa/6013872954.html,"$1,390 ",6013872954,,,,,21-Feb,
961,2,GREAT 2 and 3 Bedroom Apartments Available NOW,https://corvallis.craigslist.org/apa/6006531953.html,"$1,350 ",6006531953,,,,,20-Feb,
961,2,Apartments Coming SOON!!,https://corvallis.craigslist.org/apa/6007760065.html,"$1,350 ",6007760065,,,,,17-Feb,
961,2,2 Bedroom/ 2 Bathroom Apartment Coming SOON!,https://corvallis.craigslist.org/apa/6007732910.html,"$1,350 ",6007732910,,,,,17-Feb,
961,2,Peaceful 2 Bdrm Apts!!,https://corvallis.craigslist.org/apa/5986924514.html,"$1,300 ",5986924514,,,,,7-Feb,
967,2,Large Upstairs Corner 2 Bedroom 2 Bathroom With Brand New Carpet,https://corvallis.craigslist.org/apa/5986637641.html,$970 ,5986637641,,,,,28-Feb,
975,2,"GREAT VALUE, NEWER TWO BED TOWNHOME",https://corvallis.craigslist.org/apa/6019699104.html,$925 ,6019699104,,,,,28-Feb,
976,2,Take over lease at Sunrise Pointe Apartments,https://corvallis.craigslist.org/apa/6038862810.html,"$1,015 ",6038862810,,,,,10-Mar,
977,2,2 bed 2 bath apartment near Winco and bus routes,https://corvallis.craigslist.org/apa/6030195704.html,"$1,245 ",6030195704,,,,,7-Mar,
977,2,Spacious Two bedroom Two bathroom,https://corvallis.craigslist.org/apa/5966824288.html,"$1,245 ",5966824288,,,,,2-Feb,
977,2,2bed 2bath sunny apartment near Winco and bus routes - lease takeover,https://corvallis.craigslist.org/apa/6033707823.html,"$1,245 ",6033707823,,,,,10-Mar,
978,2,2 bed 2 bath apartment RIGHT NEXT DOOR TO OSU!!!,https://corvallis.craigslist.org/apa/6028039788.html,"$1,650 ",6028039788,,,,,10-Mar,
978,2,2 bed 1 bath- reserve now for fall semester,https://corvallis.craigslist.org/apa/6028032095.html,"$1,550 ",6028032095,,,,,10-Mar,
978,2,RESERVE NOW For FALL 2017 ~ 2 Bedroom 1 Bathroom,https://corvallis.craigslist.org/apa/5959796844.html,"$1,550 ",5959796844,,,,,13-Feb,
981,2,2 Bed / 2 Bath Maple Available Next Week!!!!,https://corvallis.craigslist.org/apa/6026966307.html,"$1,425 ",6026966307,,,,,2-Mar,
981,2,2 Bedroom/ 2 Bath Apt Available SOON!,https://corvallis.craigslist.org/apa/6013922719.html,"$1,465 ",6013922719,,,,,21-Feb,
998,2,"2 story, 2 bdm condo",https://corvallis.craigslist.org/apa/5988846182.html,"$1,200 ",5988846182,,,,,2-Mar,
1000,3,Pet Friendly Duplex in Quiet Neighborhood ~ 1761 SE Bethel,https://corvallis.craigslist.org/apa/6037963876.html,"$1,395 ",6037963876,,,,,10-Mar,
1000,2,Downtown Corvallis Townhouse,https://corvallis.craigslist.org/apa/6025816621.html,"$1,150 ",6025816621,,,,,9-Mar,
1000,2,$1500 2 bedroom,https://corvallis.craigslist.org/apa/6035728978.html,"$1,500 ",6035728978,,,,,8-Mar,
1000,3,COMING SOON!!    3 bed 1 bath,https://corvallis.craigslist.org/apa/6031514017.html,"$1,175 ",6031514017,,,,,5-Mar,
1000,2,Corporate Temporary Housing,https://corvallis.craigslist.org/apa/6002333945.html,"$2,100 ",6002333945,,,,,28-Feb,
1000,2,MOVE IN SPECIAL 1/2 OFF 1ST MONTH'S RENT,https://corvallis.craigslist.org/apa/5999116732.html,"$1,250 ",5999116732,,,,,28-Feb,
1000,2,For rent$1500,https://corvallis.craigslist.org/apa/6013880308.html,"$1,500 ",6013880308,,,,,21-Feb,
1000,2,For Rent   $1600,https://corvallis.craigslist.org/apa/5994156819.html,"$1,600 ",5994156819,,,,,7-Feb,
1000,2,Very Nice! 2 bedroom Corvallis,https://corvallis.craigslist.org/apa/5978214965.html,"$1,200 ",5978214965,,,,,5-Feb,
1000,2,"Spacious, recently upgraded 2 bedroom in beautiful neighborhood!",https://corvallis.craigslist.org/apa/5989526987.html,"$1,300 ",5989526987,,,,,4-Feb,
1000,2,For Rent  $1600,https://corvallis.craigslist.org/apa/5985508959.html,"$1,600 ",5985508959,,,,,1-Feb,
1000,2,Sweet 2 bedroom in Corvallis,https://corvallis.craigslist.org/apa/5980984590.html,"$1,200 ",5980984590,,,,,31-Jan,
1000,2,Newly Remodeled Duplex! ~ 1458 NW 20th Pl,https://corvallis.craigslist.org/apa/5954948502.html,"$1,195 ",5954948502,,,,,30-Jan,
1000,2,"2 bed 2 bath, large deck & fenced yard on acreage!",https://corvallis.craigslist.org/apa/6039490403.html,$925 ,6039490403,,,,,11-Mar,
1002,2,Waiting list now,https://corvallis.craigslist.org/apa/6032490129.html,$975 ,6032490129,,,,,6-Mar,
1002,2,"Welcome Home, Call for Specials, Beautiful Location",https://corvallis.craigslist.org/apa/6028469838.html,$975 ,6028469838,,,,,3-Mar,
1002,2,"Waiting List Now, Call for 2 bedroom 1 bat6h now",https://corvallis.craigslist.org/apa/6020890038.html,$975 ,6020890038,,,,,26-Feb,
1002,2,"Available ""NOW"" 2 Bedroom 1 Bathroom,",https://corvallis.craigslist.org/apa/6018055343.html,$975 ,6018055343,,,,,24-Feb,
1002,2,"Lease Now, Boulder Creek, Available Now",https://corvallis.craigslist.org/apa/6013454468.html,$975 ,6013454468,,,,,21-Feb,
1002,2,"Waiting List, Full Size Washer/Dryer",https://corvallis.craigslist.org/apa/6011950078.html,$975 ,6011950078,,,,,20-Feb,
1002,2,"Welcome Home, Call for Specials, Beautiful Location",https://corvallis.craigslist.org/apa/6010993022.html,$975 ,6010993022,,,,,19-Feb,
1002,2,"ONLY 1 VACENT NOW, Full Size Washer/dryer",https://corvallis.craigslist.org/apa/6000933861.html,$950 ,6000933861,,,,,12-Feb,
1002,2,"Available Top Floor, Washer/Dryer in Apartment",https://corvallis.craigslist.org/apa/5991077191.html,$950 ,5991077191,,,,,5-Feb,
1002,2,"Great Location, Full size Washer/Dryer",https://corvallis.craigslist.org/apa/5989632119.html,$950 ,5989632119,,,,,4-Feb,
1002,2,"Great Location, Spacious, Open Today, Sunday",https://corvallis.craigslist.org/apa/5980954859.html,$950 ,5980954859,,,,,29-Jan,
1005,2,Large 2 bedroom 2 bathroom Apartment!!!,https://corvallis.craigslist.org/apa/6013950361.html,"$1,350 ",6013950361,,,,,21-Feb,
1008,3,"Three Bedroom, Over a Thousand Square Feet w/ Laundry Hook-Ups!!!",https://corvallis.craigslist.org/apa/6029946120.html,$985 ,6029946120,,,,,4-Mar,
1008,3,Open Floor Plan Jefferson Home w/Garage,https://corvallis.craigslist.org/apa/6005284289.html,"$1,250 ",6005284289,,,,,15-Feb,
1011,2,2 Bedroom Pet Friendly Townhouse ~ 3163 NE Powderhorn,https://corvallis.craigslist.org/apa/5972150251.html,"$1,195 ",5972150251,,,,,13-Feb,
1029,2,CALL THE LODGES TODAY! LIVING IS EASY WHEN IT'S IN LUXURY!,https://corvallis.craigslist.org/apa/6037894115.html,"$1,195 ",6037894115,,,,,10-Mar,
1029,2,DON'T MISS OUT~GET ON THE WAITLIST FOR THE LODGES LUXURY APTS TODAY!,https://corvallis.craigslist.org/apa/6037214345.html,"$1,195 ",6037214345,,,,,9-Mar,
1029,2,WHO DOESN'T LOVE SAVING MONEY?? $300 OFF THIS WEEK ONLY!!,https://corvallis.craigslist.org/apa/6035331816.html,"$1,220 ",6035331816,,,,,8-Mar,
1029,2,LIVE IN LUXURY AT THE LODGES APTS!,https://corvallis.craigslist.org/apa/6035125580.html,"$1,195 ",6035125580,,,,,8-Mar,
1029,2,WE HAVE EVERYTHING YOU NEED! CALL THE LODGES TODAY!,https://corvallis.craigslist.org/apa/6034302460.html,"$1,195 ",6034302460,,,,,7-Mar,
1029,2,THE PRICE IS RIGHT WITH OUR TAX SEASON SPECIAL AT THE LODGES!,https://corvallis.craigslist.org/apa/6026743869.html,"$1,195 ",6026743869,,,,,6-Mar,
1029,2,THIS SPECIAL WON'T LAST LONG! CALL THE LODGES LUXURY APTS TODAY!,https://corvallis.craigslist.org/apa/6029887003.html,"$1,195 ",6029887003,,,,,4-Mar,
1029,2,PLUMTREE HAS EVERYTHING YOU NEED! DON'T MISS OUT ON YOUR NEW HOME!,https://corvallis.craigslist.org/apa/6029670987.html,"$1,220 ",6029670987,,,,,4-Mar,
1029,2,LOVE WHERE YOU LIVE & LOVE YOUR MOVE IN SPECIAL! CALL THE LODGES!,https://corvallis.craigslist.org/apa/6029345241.html,"$1,195 ",6029345241,,,,,4-Mar,
1029,2,RAKE IN THE SAVINGS AT THE LODGES - TAX SPECIAL ONLY FOR A SHORT TIME!,https://corvallis.craigslist.org/apa/6026931967.html,"$1,195 ",6026931967,,,,,2-Mar,
1029,2,WE HAVE A SPECIAL ON BOARD!! CALL TODAY!,https://corvallis.craigslist.org/apa/6025378368.html,"$1,220 ",6025378368,,,,,1-Mar,
1029,2,SLIDE INTO PLUMTREE FOR A TOUR!,https://corvallis.craigslist.org/apa/6024138649.html,"$1,220 ",6024138649,,,,,28-Feb,
1029,2,WE HAVE EVERYTHING YOU WANT & NEED HERE AT THE LODGES!,https://corvallis.craigslist.org/apa/5995598065.html,"$1,195 ",5995598065,,,,,27-Feb,
1029,2,BRING IN YOUR VALENTINE TO VIEW THIS BEAUTIFUL 2 BED!!,https://corvallis.craigslist.org/apa/6003751552.html,"$1,195 ",6003751552,,,,,24-Feb,
1029,2,THIS 2 BEDROOM COULD BE ALL YOURS!!,https://corvallis.craigslist.org/apa/5976376453.html,"$1,220 ",5976376453,,,,,24-Feb,
1029,2,LET YOUR HEART MELT HERE AT PLUMTREE,https://corvallis.craigslist.org/apa/5975125535.html,"$1,220 ",5975125535,,,,,23-Feb,
1029,2,PACK YOUR BAGS YOU ARE MOVING TO PLUMTREE!!!,https://corvallis.craigslist.org/apa/5983492355.html,"$1,195 ",5983492355,,,,,19-Feb,
1029,2,WE ARE ONE IN A MINION!,https://corvallis.craigslist.org/apa/5983605694.html,"$1,195 ",5983605694,,,,,18-Feb,
1029,2,HUGE WALK IN CLOSETS!! DON'T MISS OUT ON THE LODGES LUXURY APTS!,https://corvallis.craigslist.org/apa/5965189974.html,"$1,220 ",5965189974,,,,,12-Feb,
1029,2,IT'S TIME TO MOVE INTO LUXURY LIVING AT THE LODGES! APPLY NOW!,https://corvallis.craigslist.org/apa/5964823522.html,"$1,220 ",5964823522,,,,,12-Feb,
1029,2,TIME TO RELAX AND MOVE TO PLUMTREE,https://corvallis.craigslist.org/apa/5994957950.html,"$1,195 ",5994957950,,,,,10-Feb,
1029,2,SWEETHEART SPECIAL: GET 4 WEEKS FREE RENT!! CALL THE LODGES NOW!,https://corvallis.craigslist.org/apa/5997723266.html,"$1,120 ",5997723266,,,,,10-Feb,
1029,2,THIS 2 BEDROOM IS ALL YOU!!,https://corvallis.craigslist.org/apa/5973930373.html,"$1,220 ",5973930373,,,,,4-Feb,
1029,2,COME BE A PART OF THE BEST!,https://corvallis.craigslist.org/apa/5961729748.html,"$1,220 ",5961729748,,,,,2-Feb,
1029,2,THIS 2 BEDROOM COULD BE ALL YOURS!!,https://corvallis.craigslist.org/apa/5975047819.html,"$1,220 ",5975047819,,,,,1-Feb,
1029,2,IT'S TIME TO RELAX! WE HAVE WHAT YOU NEED!,https://corvallis.craigslist.org/apa/5973987109.html,"$1,220 ",5973987109,,,,,30-Jan,
1029,2,PLUMTREE WILL FEEL LIKE YOUR HOME SWEET HOME,https://corvallis.craigslist.org/apa/5972128604.html,"$1,195 ",5972128604,,,,,30-Jan,
1029,2,SNUGGLE UP THIS WINTER IN A LUXURY APT! CALL THE LODGES TODAY!,https://corvallis.craigslist.org/apa/5946742483.html,"$1,220 ",5946742483,,,,,30-Jan,
1029,2,UNITS ARE GOING FAST! CLAIM YOUR LUXURY APT. TODAY ONLY AT THE LODGES!,https://corvallis.craigslist.org/apa/5945178762.html,"$1,220 ",5945178762,,,,,28-Jan,
1050,2,YOUR TOWNHOUSE IS HERE!!!!!,https://corvallis.craigslist.org/apa/6016088787.html,$999 ,6016088787,,,,,23-Feb,
1050,2,HERE IS TOWNHOUSE FOR YOU!!!~!,https://corvallis.craigslist.org/apa/6011604548.html,$999 ,6011604548,,,,,23-Feb,
1050,2,WELCOME HOME!!!!!!!!,https://corvallis.craigslist.org/apa/6007353039.html,$999 ,6007353039,,,,,23-Feb,
1050,2,HERE IS A TOWNHOUSE FOR YOU!!!,https://corvallis.craigslist.org/apa/6004442038.html,$999 ,6004442038,,,,,23-Feb,
1050,2,Two bedroom duplex with garage,https://corvallis.craigslist.org/apa/6039292903.html,"$1,150 ",6039292903,,,,,11-Mar,
1052,3,Down Town Living With A View Of The River,https://corvallis.craigslist.org/apa/6003391515.html,"$1,820 ",6003391515,,,,,10-Mar,
1088,2,Huge Twnhs Duplex! W/D Hookups & Pet Friendly! 5246 SW Technology Loop,https://corvallis.craigslist.org/apa/6032047153.html,"$1,250 ",6032047153,,,,,6-Mar,
1091,3,Brand new duplex close to Corvallis & OSU! (on quiet scenic st),https://corvallis.craigslist.org/apa/6020075446.html,"$1,500 ",6020075446,,,,,25-Feb,
1100,3,Close to Campus w/Yard & Pet Friendly~1011 NW 25th,https://corvallis.craigslist.org/apa/6023676651.html,"$1,595 ",6023676651,,,,,10-Mar,
1100,3,Now Reserving!  3 Bed/2 Bath Upgraded Apartment w/Washer/Dryer!,https://corvallis.craigslist.org/apa/6037962651.html,"$1,095 ",6037962651,,,,,10-Mar,
1100,4,Stop waiting. Starting LIVING! Live The Union & pre-lease today!!,https://corvallis.craigslist.org/apa/5993636784.html,$680 ,5993636784,,,,,9-Mar,
1100,2,2+ Bedroom next to COMP-NW Available NOW,https://corvallis.craigslist.org/apa/6026361278.html,"$1,075 ",6026361278,,,,,8-Mar,
1100,3,3 Bed 2 Bath Home with Huge Fenced Yard/ Air Conditioning/ Solar Power,https://corvallis.craigslist.org/apa/6006092003.html,"$1,700 ",6006092003,,,,,7-Mar,
1100,4,Join the #1 student housing community for Fall 2017! PRE-LEASE TODAY!,https://corvallis.craigslist.org/apa/5992437304.html,$680 ,5992437304,,,,,6-Mar,
1100,3,"OPEN HOUSE TODAY AT 4:30-6:30 PM, 2445 SW PICKFORD ST",https://corvallis.craigslist.org/apa/6028810651.html,"$1,395 ",6028810651,,,,,4-Mar,
1100,3,Townhouse 3 Bed 2 half bath and Garage,https://corvallis.craigslist.org/apa/6027277217.html,"$1,075 ",6027277217,,,,,2-Mar,
1100,3,Cute House for Lease in early March,https://corvallis.craigslist.org/apa/6024462232.html,"$1,395 ",6024462232,,,,,1-Mar,
1100,3,3 BED/1.5 BA House available late March,https://corvallis.craigslist.org/apa/6016526643.html,"$1,350 ",6016526643,,,,,23-Feb,
1104,,House for rent in Corvallis,https://corvallis.craigslist.org/apa/6016493234.html,"$1,350 ",6016493234,,,,,11-Mar,
1110,2,Unit 610 Large 2 bed 2 bath with VIEW- Walk to OSU & Downtown,https://corvallis.craigslist.org/apa/6036506083.html,"$1,525 ",6036506083,,,,,9-Mar,
1128,3,"3 BEDROOM HOME, NEWER PAINT, TILE, WALK TO CAMPUS, RESERVE NOW!",https://corvallis.craigslist.org/apa/6028206163.html,"$1,785 ",6028206163,,,,,10-Mar,
1130,3,"3 bedroom with lots of closet space, on bus route, quiet neighborhood",https://corvallis.craigslist.org/apa/6039409360.html,"$1,125 ",6039409360,,,,,11-Mar,
1140,2,Available 4/1/17 - Remodeled duplex; fenced yard with two patios!,https://corvallis.craigslist.org/apa/6025849748.html,"$1,250 ",6025849748,,,,,1-Mar,
1147,3,FLASH SPECIAL! FREE RENT FOR 1 MONTH!! RESERVE NOW!,https://corvallis.craigslist.org/apa/6037985997.html,"$1,599 ",6037985997,,,,,10-Mar,
1147,3,FLASH SPECIAL! 1 Month FREE RENT!!!!!,https://corvallis.craigslist.org/apa/6036972556.html,"$1,599 ",6036972556,,,,,9-Mar,
1147,3,Look and Lease TODAY! Full month's rent FREE!!!,https://corvallis.craigslist.org/apa/6028053281.html,"$1,490 ",6028053281,,,,,3-Mar,
1147,3,ONE MONTH FREE RENT!!! 3 Bed / 2 Bath,https://corvallis.craigslist.org/apa/6026695221.html,"$1,625 ",6026695221,,,,,2-Mar,
1147,3,ONE MONTH FREE RENT!!! 3 Bed / 2 Bath,https://corvallis.craigslist.org/apa/6022026583.html,"$1,490 ",6022026583,,,,,27-Feb,
1147,3,1 Month FREE RENT!! Ends TODAY!!,https://corvallis.craigslist.org/apa/6019388572.html,"$1,490 ",6019388572,,,,,25-Feb,
1147,3,1 Month FREE!! 3 Bed / 2 Bath! Special Ends Saturday!,https://corvallis.craigslist.org/apa/6018004293.html,"$1,490 ",6018004293,,,,,24-Feb,
1147,3,MOVE IN THIS WEEK! 3 Bedroom / 2 Bath,https://corvallis.craigslist.org/apa/6013839865.html,"$1,625 ",6013839865,,,,,21-Feb,
1147,3,3 Bed / 2 Bath available THIS WEEK!,https://corvallis.craigslist.org/apa/6011900690.html,"$1,625 ",6011900690,,,,,20-Feb,
1147,3,FLASH SPECIAL! Get $800!!!,https://corvallis.craigslist.org/apa/6003728938.html,"$1,599 ",6003728938,,,,,20-Feb,
1147,3,3Bed / 2 Bath Available NOW!!!!,https://corvallis.craigslist.org/apa/6007711892.html,"$1,599 ",6007711892,,,,,17-Feb,
1147,3,3 Bed/ 2 Bath Apartment Available for Limited Time!,https://corvallis.craigslist.org/apa/6003773106.html,"$1,650 ",6003773106,,,,,17-Feb,
1147,3,3 Bed/2 Bath - SPECIAL ENDS TODAY!!!,https://corvallis.craigslist.org/apa/6006445455.html,"$1,599 ",6006445455,,,,,16-Feb,
1147,3,"3 Bed/ 2 Bath Available, Reserve NOW!!",https://corvallis.craigslist.org/apa/6006415669.html,"$1,599 ",6006415669,,,,,16-Feb,
1147,3,Spacious 3 bedroom Apt. Available NOW! $500 off first month's rent!,https://corvallis.craigslist.org/apa/5986918172.html,"$1,650 ",5986918172,,,,,11-Feb,
1147,3,Reserve YOUR new home TODAY!,https://corvallis.craigslist.org/apa/5986949297.html,"$1,650 ",5986949297,,,,,2-Feb,
1147,3,Looking for great amenities?!,https://corvallis.craigslist.org/apa/5986913944.html,"$1,650 ",5986913944,,,,,2-Feb,
1150,,Home for rent in Southtown,https://corvallis.craigslist.org/apa/6031438276.html,"$1,600 ",6031438276,,,,,5-Mar,
1150,3,Gorgeous 3 bedroom apt available NOW for $500 off 1st rent!!!,https://corvallis.craigslist.org/apa/5993915716.html,"$1,625 ",5993915716,,,,,7-Feb,
1150,3,Pet friendly 3 bedroom in beautiful neighborhood!,https://corvallis.craigslist.org/apa/5989462632.html,"$1,650 ",5989462632,,,,,4-Feb,
1170,,Near Oak School,https://corvallis.craigslist.org/apa/6030041598.html,"$1,250 ",6030041598,,,,,11-Mar,
1172,3,3 bed 2 bath Sweet Home,https://corvallis.craigslist.org/apa/6015503868.html,"$1,400 ",6015503868,,,,,22-Feb,
1183,2,2 bedroom plus loft ~ 1 bathroom house,https://corvallis.craigslist.org/apa/5978377929.html,"$1,500 ",5978377929,,,,,8-Feb,
1200,3,*(/*(*|BRIGHT SPACIOUS House 3 Bed Large Hardwood Floor|*)*/)*,https://corvallis.craigslist.org/apa/6038235018.html,$400 ,6038235018,,,,,10-Mar,
1200,3,*(/*(*|BRIGHT SPACIOUS House 3 Bed Large Hardwood Floor|*)*/)*,https://corvallis.craigslist.org/apa/6038235197.html,$400 ,6038235197,,,,,10-Mar,
1200,4,PRE-LEASE A BEDROOM CLOSE TO CAMPUS FOR FALL 2017!,https://corvallis.craigslist.org/apa/6013906224.html,$670 ,6013906224,,,,,9-Mar,
1200,4,Stop Waiting. Start Living! LIVE THE UNION! #1 community next to OSU!,https://corvallis.craigslist.org/apa/6013622511.html,$670 ,6013622511,,,,,9-Mar,
1200,4,PRE-LEASE A BEDROOM CLOSE TO CAMPUS FOR FALL 2017!,https://corvallis.craigslist.org/apa/6004770493.html,$680 ,6004770493,,,,,9-Mar,
1200,3,*(/*(*|BRIGHT SPACIOUS House 3 Bed Large Hardwood Floor|*)*/)*,https://corvallis.craigslist.org/apa/6036495318.html,$400 ,6036495318,,,,,9-Mar,
1200,3,*(/*(*|BRIGHT SPACIOUS House 3 Bed Large Hardwood Floor|*)*/)*,https://corvallis.craigslist.org/apa/6036494977.html,$400 ,6036494977,,,,,9-Mar,
1200,4,Reserve your room for fall TODAY & get $200 gift card!,https://corvallis.craigslist.org/apa/5992202806.html,$680 ,5992202806,,,,,6-Mar,
1200,3,"Convenient and Comfortable: NW Corvallis Home near shops, OSU, parks",https://corvallis.craigslist.org/apa/6014382507.html,"$1,395 ",6014382507,,,,,3-Mar,
1200,2,"1.5 bath, 1 car garage townhome style duplex, NW Timberhill area",https://corvallis.craigslist.org/apa/6028564803.html,"$1,250 ",6028564803,,,,,3-Mar,
1200,4,"Reserve your private, furnished room NOW + get $200 gift card!",https://corvallis.craigslist.org/apa/5992171285.html,$680 ,5992171285,,,,,3-Mar,
1200,1,Only 1 room left! Lease NOW & get 1 month FREE!!,https://corvallis.craigslist.org/apa/5982390517.html,$670 ,5982390517,,,,,27-Feb,
1200,1,"Private bedroom and bathroom close to OSU. $625/mo rent, available 4/1",https://corvallis.craigslist.org/apa/6014291871.html,$625 ,6014291871,,,,,21-Feb,
1200,4,($400 PRICE REDUCTION PROMOTION)Brand New Townhouse next to Fred Meyer,https://corvallis.craigslist.org/apa/5960585052.html,"$2,200 ",5960585052,,,,,12-Feb,
1200,3,3 Bed 1.5 Bath Apartment,https://corvallis.craigslist.org/apa/5952750803.html,"$1,200 ",5952750803,,,,,8-Feb,
1200,2,2 Bedroom 1.5 Bath Townhouse with Detached Garage,https://corvallis.craigslist.org/apa/5994130400.html,"$1,050 ",5994130400,,,,,7-Feb,
1200,,Nice Updated 3 Bedroom  2 bath,https://corvallis.craigslist.org/apa/6039009537.html,$950 ,6039009537,,,,,11-Mar,
1204,3,CALL TO GET ON THE WAIT LIST TODAY,https://corvallis.craigslist.org/apa/6035711795.html,"$1,400 ",6035711795,,,,,8-Mar,
1204,3,THIS 3 BEDROOM WILL BLOW YOUR SOCKS OFF!!! CALL PLUMTREE LUXURY APTS!,https://corvallis.craigslist.org/apa/6029888289.html,"$1,280 ",6029888289,,,,,4-Mar,
1204,3,CALL THE LODGES & ASK ABOUT OUR TAX SEASON SPECIAL! GOOD THRU 2/28,https://corvallis.craigslist.org/apa/6005000637.html,"$1,395 ",6005000637,,,,,22-Feb,
1204,3,CALL TO SET UP YOUR TOUR TODAY!,https://corvallis.craigslist.org/apa/5983536054.html,"$1,400 ",5983536054,,,,,21-Feb,
1204,3,PACK YOUR BAGS YOU ARE MOVING TO PLUMTREE!!!,https://corvallis.craigslist.org/apa/6003839232.html,"$1,400 ",6003839232,,,,,21-Feb,
1204,3,YOU WON'T WANT TO MISS THIS!,https://corvallis.craigslist.org/apa/5988575159.html,"$1,400 ",5988575159,,,,,20-Feb,
1204,3,BEST KEPT SECRET IN ALBANY!!,https://corvallis.craigslist.org/apa/6012321912.html,"$1,375 ",6012321912,,,,,20-Feb,
1204,3,THE PRICE IS RIGHT WITH OUR TAX SEASON SPECIAL AT THE LODGES!,https://corvallis.craigslist.org/apa/6004000770.html,"$1,395 ",6004000770,,,,,20-Feb,
1204,3,STOP!!! COME CHECK US OUT!,https://corvallis.craigslist.org/apa/6012111883.html,"$1,375 ",6012111883,,,,,20-Feb,
1204,3,COME SEE WHAT THE BUZZ IS ALL ABOUT!,https://corvallis.craigslist.org/apa/5995671746.html,"$1,375 ",5995671746,,,,,18-Feb,
1204,3,WE CHOOSE YOU!!,https://corvallis.craigslist.org/apa/5998742529.html,"$1,375 ",5998742529,,,,,18-Feb,
1204,3,SPEED OVER TO PLUMTREE!,https://corvallis.craigslist.org/apa/6005337407.html,"$1,375 ",6005337407,,,,,18-Feb,
1204,3,THIS THREE BEDROOM WILL ROCK YOUR WORLD!!,https://corvallis.craigslist.org/apa/5996884545.html,"$1,375 ",5996884545,,,,,17-Feb,
1204,3,FURRY FRIENDS WELCOME!,https://corvallis.craigslist.org/apa/5983814377.html,"$1,400 ",5983814377,,,,,12-Feb,
1204,3,‰ª´ MOVE BY 2/15 & GET 4 WEEKS RENT FREE! CALL THE LODGES NOW ‰ª´,https://corvallis.craigslist.org/apa/5995349356.html,"$1,450 ",5995349356,,,,,11-Feb,
1204,3,THIS COULD BE YOUR ONE TRUE LOVE!,https://corvallis.craigslist.org/apa/5958301656.html,"$1,395 ",5958301656,,,,,11-Feb,
1204,3,HOP ON OVER TO YOUR NEW PAD!,https://corvallis.craigslist.org/apa/5961811829.html,"$1,450 ",5961811829,,,,,11-Feb,
1204,3,5 min & 2.5 miles from LBCC CALL PLUMTREE TODAY TO SCHEDULE A TOUR,https://corvallis.craigslist.org/apa/5988223757.html,"$1,375 ",5988223757,,,,,10-Feb,
1204,3,YOU DON'T WANNA MISS THE SWEETHEART SPECIAL AT THE LODGES LUXURY APTS!,https://corvallis.craigslist.org/apa/5997051533.html,"$1,450 ",5997051533,,,,,9-Feb,
1204,3,PLANT YOUR ROOTS HERE AT PLUMTREE,https://corvallis.craigslist.org/apa/5993609190.html,"$1,375 ",5993609190,,,,,9-Feb,
1204,3,NEW YEAR'S RESOLUTION = LIVING IN LUXURY! APPLY AT THE LODGES NOW!,https://corvallis.craigslist.org/apa/5964821293.html,"$1,450 ",5964821293,,,,,4-Feb,
1204,3,THIS 3 BEDROOM WILL ROCK YOUR WORLD!!,https://corvallis.craigslist.org/apa/5973929445.html,"$1,400 ",5973929445,,,,,4-Feb,
1204,3,LET US SHOWER YOU IN LUXURY HERE AT THE LODGES IN LEBANON!!,https://corvallis.craigslist.org/apa/5952016795.html,"$1,450 ",5952016795,,,,,4-Feb,
1204,3,TOUR THE LODGES LUXURY APARTMENTS TODAY!!,https://corvallis.craigslist.org/apa/5959348462.html,"$1,450 ",5959348462,,,,,4-Feb,
1204,3,LET YOUR HEART MELT AT PLUMTREE,https://corvallis.craigslist.org/apa/5961889415.html,"$1,375 ",5961889415,,,,,4-Feb,
1204,3,PICK UP THE PHONE AND CALL PLUMTREE!!!!!,https://corvallis.craigslist.org/apa/5948620437.html,"$1,400 ",5948620437,,,,,2-Feb,
1204,3,3 bedroom Jewel available NOW!! Apply today!!!,https://corvallis.craigslist.org/apa/5947048767.html,"$1,400 ",5947048767,,,,,2-Feb,
1204,3,LIVE LIFE IN LUXURY AT PLUMTREE!,https://corvallis.craigslist.org/apa/5943684505.html,"$1,400 ",5943684505,,,,,2-Feb,
1204,3,STEP OUT OF THE COLD AND INTO LUXURY THIS YEAR AT THE LODGES!,https://corvallis.craigslist.org/apa/5964801358.html,"$1,450 ",5964801358,,,,,1-Feb,
1204,3,START FRESH WITH THIS BEAUTIFUL 3 BEDROOM,https://corvallis.craigslist.org/apa/5975048164.html,"$1,400 ",5975048164,,,,,1-Feb,
1204,3,BUZZ ON IN AND CHECK US OUT!,https://corvallis.craigslist.org/apa/5965321351.html,"$1,400 ",5965321351,,,,,30-Jan,
1204,3,PETS DESERVE TO LIVE IN LUXURY TOO! BRING THEM TO THE LODGES TODAY!,https://corvallis.craigslist.org/apa/5948453096.html,"$1,450 ",5948453096,,,,,30-Jan,
1204,3,DON'T BLINK OR YOU'LL MISS THESE LUXURY APTS ~ CALL THE LODGES NOW!,https://corvallis.craigslist.org/apa/5944248323.html,"$1,450 ",5944248323,,,,,28-Jan,
1204,3,3 bedroom available in springtime!,https://corvallis.craigslist.org/apa/5966265762.html,"$1,410 ",5966265762,,,,,26-Jan,
1204,3,BE THE FIRST ONE TO SWOOP IT UP!!!,https://corvallis.craigslist.org/apa/5965109560.html,"$1,375 ",5965109560,,,,,25-Jan,
1209,2,4 WEEKS FREE RENT - LIMITED TIME ONLY AT THE LODGES!,https://corvallis.craigslist.org/apa/6027796516.html,"$1,195 ",6027796516,,,,,3-Mar,
1209,2,TODAY IS THE LAST DAY TO GET 4 WEEKS FREE RENT AT THE LODGES!,https://corvallis.craigslist.org/apa/6039388397.html,"$1,195 ",6039388397,,,,,11-Mar,
1217,3,3 Br/2.5 Bath/Attached garage/ Duplex 2 story,https://corvallis.craigslist.org/apa/6029880180.html,"$1,295 ",6029880180,,,,,10-Mar,
1217,3,2.5 Bath/Attached garage/ Duplex 2 storied.,https://corvallis.craigslist.org/apa/6008553061.html,"$1,295 ",6008553061,,,,,3-Mar,
1238,3,Enchanting 3 Bedroom Centrally Located ~ 2230 Front Ave NE,https://corvallis.craigslist.org/apa/5991866696.html,"$1,395 ",5991866696,,,,,21-Feb,
1250,3,3 BR/2 BATH With SPACIOUS ROOMS,https://corvallis.craigslist.org/apa/6037791455.html,"$1,240 ",6037791455,,,,,10-Mar,
1250,3,AVAILABLE MARCH 15...  WON'T LAST LONG!,https://corvallis.craigslist.org/apa/6037743874.html,"$1,650 ",6037743874,,,,,10-Mar,
1250,3,"3 bedroom, 1 bath albany house for lease",https://corvallis.craigslist.org/apa/6034273170.html,"$1,295 ",6034273170,,,,,7-Mar,
1250,3,"Adorable 3 Bdrm, 2 BA close to campus & FM",https://corvallis.craigslist.org/apa/5985474328.html,"$1,800 ",5985474328,,,,,2-Mar,
1250,3,Cute House for Lease in early March,https://corvallis.craigslist.org/apa/6020200415.html,"$1,395 ",6020200415,,,,,28-Feb,
1250,3,Pet Friendly House! Close to Timberhill! Just Updated! ~ 3120 NW Walnu,https://corvallis.craigslist.org/apa/5998234784.html,"$1,495 ",5998234784,,,,,15-Feb,
1260,2,Beautiful Updated 2 Bedroom w/Den / 1.5 Bath *Ready April 11*,https://corvallis.craigslist.org/apa/6036533087.html,$900 ,6036533087,,,,,9-Mar,
1260,2,‰÷_ ‰ª´ 2BR w/DEN 1.5Bath W/D Hook-ups Water/Sewer/Garbage inc. w/rent,https://corvallis.craigslist.org/apa/6035825528.html,$900 ,6035825528,,,,,8-Mar,
1260,2,Now Reserving!  Beautiful Updated 2 Bedroom/1.5 Bath w/Den W/D Hookups,https://corvallis.craigslist.org/apa/6035540583.html,$900 ,6035540583,,,,,10-Mar,
1264,4,4 bedroom/1.5 bathroom House-420 Alexander Ave,https://corvallis.craigslist.org/apa/6027980594.html,"$1,495 ",6027980594,,,,,9-Mar,
1293,2,Luxurious Two Bedroom Two and a half Bathroom Town House,https://corvallis.craigslist.org/apa/6023652607.html,"$1,450 ",6023652607,,,,,28-Feb,
1293,2,Luxurious Two Bedroom Two and a half Bathroom Town House,https://corvallis.craigslist.org/apa/5967810762.html,"$1,450 ",5967810762,,,,,2-Feb,
1296,3,Brand New Custom Built Duplex,https://corvallis.craigslist.org/apa/6013832487.html,"$1,450 ",6013832487,,,,,28-Feb,
1300,3,"3 bedroom, 1 1/2 bath, duplex",https://corvallis.craigslist.org/apa/6037863458.html,"$1,200 ",6037863458,,,,,10-Mar,
1300,3,3 Bedroom rental house in Corvallis,https://corvallis.craigslist.org/apa/6033923005.html,"$1,800 ",6033923005,,,,,7-Mar,
1300,3,Private house in the Timberhill for rent,https://corvallis.craigslist.org/apa/6030161604.html,"$1,700 ",6030161604,,,,,4-Mar,
1300,3,NEW DUPLEX,https://corvallis.craigslist.org/apa/5998960806.html,$1 ,5998960806,,,,,4-Mar,
1300,3,Beautiful and Immaculate 3 bdrm 2 bath Close to OSU,https://corvallis.craigslist.org/apa/6018406276.html,"$1,750 ",6018406276,,,,,24-Feb,
1300,,Room for Rent in Quiet Neighborhood,https://corvallis.craigslist.org/apa/5992602701.html,$665 ,5992602701,,,,,6-Feb,
1320,3,Almost 4 Acres of amazing land Lease Purchase,https://corvallis.craigslist.org/apa/6032985625.html,"$2,300 ",6032985625,,,,,9-Mar,
1329,3,Great 3 bed/1 1/2 bath with garage,https://corvallis.craigslist.org/apa/6039461372.html,"$1,100 ",6039461372,,,,,11-Mar,
1330,3,"3 Bedroom, 2 bath, 2 car garage, RV parking",https://corvallis.craigslist.org/apa/5988614650.html,"$1,600 ",5988614650,,,,,3-Feb,
1340,2,2 Bedroom with Den,https://corvallis.craigslist.org/apa/6035524506.html,$1 ,6035524506,,,,,8-Mar,
1342,3,1783 NW Grant Circle - Cozy and Bright,https://corvallis.craigslist.org/apa/6026980112.html,"$1,500 ",6026980112,,,,,2-Mar,
1356,4,Multi-Family in Corvallis,https://corvallis.craigslist.org/apa/5963364728.html,"$1,500 ",5963364728,,,,,6-Feb,
1356,4,Recently renovated 4-bed 2-bath duplex in Corvallis,https://corvallis.craigslist.org/apa/5945721049.html,"$1,500 ",5945721049,,,,,1-Feb,
1356,4,Newly renovated 4-bed 2-bath duplex in Corvallis,https://corvallis.craigslist.org/apa/5945709277.html,"$1,500 ",5945709277,,,,,1-Feb,
1373,3,Beautiful Home Close to Parks and Schools,https://corvallis.craigslist.org/apa/6038358502.html,"$1,450 ",6038358502,,,,,10-Mar,
1380,3,Willamette Landing Home for Lease,https://corvallis.craigslist.org/apa/6028424972.html,"$1,700 ",6028424972,,,,,3-Mar,
1398,4,"Fully furnished, Walking Distance to OSU.",https://corvallis.craigslist.org/apa/5992621934.html,"$2,395 ",5992621934,,,,,21-Feb,
1400,4,"Quiet Neighborhood, Large fenced yard, Garage",https://corvallis.craigslist.org/apa/6005363454.html,"$1,850 ",6005363454,,,,,7-Mar,
1400,2,2 bed larger apt in 4 plex off st parking washer dryer in apt,https://corvallis.craigslist.org/apa/6028806299.html,"$1,000 ",6028806299,,,,,4-Mar,
1400,4,4bd/1.5bath Duplex,https://corvallis.craigslist.org/apa/6025858638.html,"$1,150 ",6025858638,,,,,1-Mar,
1400,3,Nice Duplex in Family Oriented Neighborhood!,https://corvallis.craigslist.org/apa/6001335910.html,"$1,250 ",6001335910,,,,,12-Feb,
1400,3,Brand New Home for lease,https://corvallis.craigslist.org/apa/5992199846.html,"$1,495 ",5992199846,,,,,6-Feb,
1400,1,"Just 2 rooms open NOW! Private, furnished, close to campus!",https://corvallis.craigslist.org/apa/5948288976.html,$699 ,5948288976,,,,,2-Feb,
1400,1,"Private, furnished room w/ free wifi just 2 blocks from campus!",https://corvallis.craigslist.org/apa/5943890008.html,$699 ,5943890008,,,,,30-Jan,
1426,3,Morning Glory Townhouse - RESERVE for August 2017,https://corvallis.craigslist.org/apa/6032184527.html,"$1,700 ",6032184527,,,,,9-Mar,
1430,4,4bed 4bath BRAND NEW LUXURY SUITES!!!,https://corvallis.craigslist.org/apa/6025625715.html,"$3,250 ",6025625715,,,,,10-Mar,
1430,4,Secure today!!! 4 bed 4 bath BRAND NEW!!! Wifi included!!!,https://corvallis.craigslist.org/apa/6013346472.html,"$3,250 ",6013346472,,,,,10-Mar,
1430,4,4bed 4bath LUXURY SUITES AVAILABLE for September pre-lease,https://corvallis.craigslist.org/apa/6002586845.html,"$3,250 ",6002586845,,,,,10-Mar,
1430,4,4bed 4bath BRAND NEW LUXURY SUITES!!!,https://corvallis.craigslist.org/apa/6002593381.html,"$3,250 ",6002593381,,,,,10-Mar,
1430,4,4bed 4bath LUXURY SUITES!!! AVAILABLE for June pre-lease,https://corvallis.craigslist.org/apa/6002590267.html,"$3,250 ",6002590267,,,,,10-Mar,
1430,4,4bed 4bath BRAND NEW LUXURY SUITES!!!,https://corvallis.craigslist.org/apa/6028006063.html,"$3,250 ",6028006063,,,,,10-Mar,
1430,4,4 bed 4 bath BRAND NEW!!! PRE-lease TODAY!!!,https://corvallis.craigslist.org/apa/6017835051.html,"$3,250 ",6017835051,,,,,10-Mar,
1430,,4 bed 4 bath BRAND NEW!!! PRE-lease TODAY!!!,https://corvallis.craigslist.org/apa/6017887997.html,"$3,250 ",6017887997,,,,,10-Mar,
1430,4,4 Bedroom and 4 Bathroom Suites BRAND NEW - APPLY NOW,https://corvallis.craigslist.org/apa/5975721963.html,"$3,250 ",5975721963,,,,,23-Feb,
1430,4,BRAND NEW SUITES ~ 4 Bed/4 Bath ~ RESERVE NOW For SUMMER/FALL 2017,https://corvallis.craigslist.org/apa/5976361729.html,"$3,250 ",5976361729,,,,,23-Feb,
1430,4,BRAND NEW SUITES ~ 4 Bed/4 Bath ~ RESERVE NOW For SUMMER/FALL 2017,https://corvallis.craigslist.org/apa/5939439236.html,"$3,250 ",5939439236,,,,,27-Jan,
1435,3,"Townhouse - 3bd, 2.5 Bath with Garage, Washer/Dryer",https://corvallis.craigslist.org/apa/6029999871.html,"$1,500 ",6029999871,,,,,4-Mar,
1439,3,Luxury 3 Bedroom Apartment Now Available!,https://corvallis.craigslist.org/apa/6006142869.html,"$1,450 ",6006142869,,,,,16-Feb,
1440,3,"Walk or Ride to OSU - 3 bdr, 2 bath, lg bonus room",https://corvallis.craigslist.org/apa/6031222143.html,"$1,860 ",6031222143,,,,,5-Mar,
1500,4,RESERVING NOW FOR 2017 SCHOOL YEAR - 4 Bedroom 4 Bathroom ~ FREE WIFI,https://corvallis.craigslist.org/apa/5993626667.html,"$3,250 ",5993626667,,,,,8-Mar,
1500,4,RESERVING NOW FOR 2017 SCHOOL YEAR - 4 Bedroom 4 Bathroom ~ FREE INTER,https://corvallis.craigslist.org/apa/5993611041.html,"$3,250 ",5993611041,,,,,8-Mar,
1500,3,3 bed 2 bath home just for you!,https://corvallis.craigslist.org/apa/6008103976.html,"$2,000 ",6008103976,,,,,7-Mar,
1500,2,COUNTRY SETTING DAYLIGHT BASEMENT APARTMENT,https://corvallis.craigslist.org/apa/6033586865.html,$950 ,6033586865,,,,,7-Mar,
1500,4,NICE 4 Bedroom/2 Bath Home in Alsea,https://corvallis.craigslist.org/apa/6024232884.html,"$1,000 ",6024232884,,,,,28-Feb,
1500,3,"Cape Cod in Yachats. 3+1. Avail, thru June",https://corvallis.craigslist.org/apa/5988583157.html,"$1,500 ",5988583157,,,,,28-Feb,
1500,4,4 Bedroom/2 Bath Townhouse,https://corvallis.craigslist.org/apa/6023663498.html,"$1,500 ",6023663498,,,,,28-Feb,
1500,3,3 Bedroom Home,https://corvallis.craigslist.org/apa/5967147277.html,"$1,550 ",5967147277,,,,,18-Feb,
1500,3,"OPEN-FLOOR PLAN, LARGE, ONE-STORY, 3-BEDROOMS,FENCED YARD,CLOSE TO OSU",https://corvallis.craigslist.org/apa/5996086690.html,"$1,650 ",5996086690,,,,,16-Feb,
1500,3,"FRESHLY RENOVATED 3-BEDROOM OPEN FLOOR PLAN, STRATEGIC LOCATION",https://corvallis.craigslist.org/apa/5991653504.html,"$1,650 ",5991653504,,,,,14-Feb,
1500,3,"OPEN-FLOOR PLAN, LARGE, ONE-STORY, 3-BEDROOMS,FENCED YARD,CLOSE TO OSU",https://corvallis.craigslist.org/apa/5994523865.html,"$1,650 ",5994523865,,,,,14-Feb,
1500,3,"3 BEDROOMS, OPEN FLOOR PLAN, STRATEGIC, CLOSED TO OSU",https://corvallis.craigslist.org/apa/5993167200.html,"$1,650 ",5993167200,,,,,7-Feb,
1500,3,"New 3-bedroom, 2 bath, one-story, open floor plan, closed to OSU",https://corvallis.craigslist.org/apa/5984528260.html,"$1,650 ",5984528260,,,,,3-Feb,
1500,3,3 Bed 1.5 Bath House - Remodeled,https://corvallis.craigslist.org/apa/6024162589.html,"$1,200 ",6024162589,,,,,11-Mar,
1500,3,3 Bed 2.5 Bath Townhome Modern Construction,https://corvallis.craigslist.org/apa/6032938557.html,"$1,000 ",6032938557,,,,,11-Mar,
1520,3,Lots of Space! Pet Friendly 3 bd./2 ba. house on large lot.,https://corvallis.craigslist.org/apa/6027084605.html,"$1,895 ",6027084605,,,,,2-Mar,
1536,3,Rent Home,https://corvallis.craigslist.org/apa/6015438288.html,"$1,200 ",6015438288,,,,,22-Feb,
1550,3,Elegant property with spacious bedrooms.,https://corvallis.craigslist.org/apa/6037174269.html,"$1,042 ",6037174269,,,,,9-Mar,
1550,4,"FURNISHED 1 Bd, 1Bth in 4 bd/bth Unit AVAILABLE NOW",https://corvallis.craigslist.org/apa/6028391119.html,$735 ,6028391119,,,,,3-Mar,
1550,1,LEASE TAKE OVER,https://corvallis.craigslist.org/apa/5986612371.html,$725 ,5986612371,,,,,27-Feb,
1560,3,3 bedroom 2 1/2 bath Timberhill townhouse,https://corvallis.craigslist.org/apa/6009279773.html,"$1,600 ",6009279773,,,,,18-Feb,
1568,3,3 Bedroom plus HOME Campus Close,https://corvallis.craigslist.org/apa/6038456105.html,"$1,995 ",6038456105,,,,,10-Mar,
1585,3,Also a terrific because it's close by high schools and a shopping mall,https://corvallis.craigslist.org/apa/6018781498.html,"$1,007 ",6018781498,,,,,6-Mar,
1600,3,Beautiful 3 bedroom 2 bath home in Clover Ridge,https://corvallis.craigslist.org/apa/6022667953.html,"$1,650 ",6022667953,,,,,9-Mar,
1600,3,Beautiful Newer 3 bedroom 2.5 bath,https://corvallis.craigslist.org/apa/6035692716.html,"$1,650 ",6035692716,,,,,8-Mar,
1600,3,"NWHouse 3BR, 1.5 Ba.  Close to campus, Sams station, Co-op",https://corvallis.craigslist.org/apa/6020103876.html,"$1,900 ",6020103876,,,,,25-Feb,
1620,3,"3 Bed 2.5 Bath, Natural Area, Quiet Neighborhood, Garden",https://corvallis.craigslist.org/apa/6008123815.html,"$2,100 ",6008123815,,,,,7-Mar,
1625,4,"2007 Beautiful SW Home with 4bd, 2.5bath for rent",https://corvallis.craigslist.org/apa/6037477215.html,"$2,050 ",6037477215,,,,,10-Mar,
1627,4,3 BLOCKS FROM OSU CAMPUS!,https://corvallis.craigslist.org/apa/6038667728.html,"$2,400 ",6038667728,,,,,10-Mar,
1627,4,3 BLOCKS FROM OSU CAMPUS!,https://corvallis.craigslist.org/apa/6038622540.html,"$2,850 ",6038622540,,,,,10-Mar,
1647,3,"3 Bedroom, 2 Bath Townhome for rent",https://corvallis.craigslist.org/apa/5966318052.html,"$1,650 ",5966318052,,,,,16-Feb,
1650,3,"Location, Location, Location! Charming White Picket Fence Corner Home",https://corvallis.craigslist.org/apa/6038772016.html,$922 ,6038772016,,,,,10-Mar,
1655,3,312 Large 3 Bed Corner Unit Walk to OSU 3 Private Balconies with VIEW,https://corvallis.craigslist.org/apa/6036520247.html,"$1,700 ",6036520247,,,,,9-Mar,
1661,5,"Luxury Home w/private bathrooms, leathered granite, 4 blks to Campus!",https://corvallis.craigslist.org/apa/5994362589.html,"$3,495 ",5994362589,,,,,8-Mar,
1706,3,3bd/2.5ba spacious home NEWLY RENOVATED!!!,https://corvallis.craigslist.org/apa/6035734969.html,"$1,650 ",6035734969,,,,,8-Mar,
1706,3,3bd/2.5ba spacious home NEWLY RENOVATED!!!,https://corvallis.craigslist.org/apa/6035734046.html,"$1,650 ",6035734046,,,,,8-Mar,
1706,3,3bd/2.5ba spacious home NEWLY RENOVATED!!!,https://corvallis.craigslist.org/apa/6035733651.html,"$1,650 ",6035733651,,,,,8-Mar,
1706,3,Check Out Before you Buy. Dog and cat accepted. House includes a cozy,https://corvallis.craigslist.org/apa/6033827277.html,"$1,193 ",6033827277,,,,,10-Mar,
1716,3,Pet Friendly House with a Yard Located In Monroe ~ 350 N 7th,https://corvallis.craigslist.org/apa/5992162543.html,"$1,100 ",5992162543,,,,,15-Feb,
1720,4,Spacious 4 Bedroom Home in a Prime Location!,https://corvallis.craigslist.org/apa/6025022453.html,"$2,395 ",6025022453,,,,,1-Mar,
1740,,New Construction - 5bedroom - Beautiful features,https://corvallis.craigslist.org/apa/5957088421.html,"$2,750 ",5957088421,,,,,5-Feb,
1744,2,Beautiful furnished house + Shop + Yurt on 1/4 acre,https://corvallis.craigslist.org/apa/5994347670.html,"$2,200 ",5994347670,,,,,7-Feb,
1762,3,Delightful 3 Bedroom House Walking Distance to Campus~1455 NW Harrison,https://corvallis.craigslist.org/apa/6035431729.html,"$1,600 ",6035431729,,,,,8-Mar,
1774,3,Spacious Townhouse near Hoover Elementary,https://corvallis.craigslist.org/apa/5969044677.html,"$1,700 ",5969044677,,,,,12-Feb,
1800,3,Just the right size! 3 bedroom 2.5 bath Town Home,https://corvallis.craigslist.org/apa/6008111458.html,"$2,200 ",6008111458,,,,,7-Mar,
1800,4,"Affordable NW Corvallis Living! 5 Minutes to HP and Hospital, 12 minut",https://corvallis.craigslist.org/apa/6003849062.html,"$2,100 ",6003849062,,,,,7-Mar,
1800,3,3 bdr 1.5 bath home on 1 acre,https://corvallis.craigslist.org/apa/6028265937.html,"$1,750 ",6028265937,,,,,7-Mar,
1800,3,3 bedroom 2.5 bath 1800 sqft,https://corvallis.craigslist.org/apa/6032104864.html,"$1,550 ",6032104864,,,,,6-Mar,
1800,4,"Fabulous, Huge, 4 Bdrm 2 Bath Duplex close to OSU & Co-op",https://corvallis.craigslist.org/apa/5985485815.html,"$2,400 ",5985485815,,,,,2-Mar,
1800,3,"Spectacular Vaulted ceilings, fenced yard",https://corvallis.craigslist.org/apa/5983243708.html,"$1,795 ",5983243708,,,,,19-Feb,
1800,4,Room For Everyone,https://corvallis.craigslist.org/apa/5978398616.html,"$2,200 ",5978398616,,,,,17-Feb,
1800,3,RESERVING 4 SUMMER/FALL 2017 ~ 3/2.5 CONDO - Gas Range + Washer/Dryer,https://corvallis.craigslist.org/apa/5959738499.html,"$2,350 ",5959738499,,,,,13-Feb,
1825,5,Big Group? Check this house out!,https://corvallis.craigslist.org/apa/6005155093.html,"$3,450 ",6005155093,,,,,7-Mar,
1831,5,Huge Pet Friendly Home in Corvallis! Spacious Yard! ~1835 NW Division,https://corvallis.craigslist.org/apa/6023775009.html,"$2,000 ",6023775009,,,,,28-Feb,
1835,4,Beautiful Home-4 Bedrooms-2 Bathrooms,https://corvallis.craigslist.org/apa/6032815828.html,"$2,175 ",6032815828,,,,,6-Mar,
1838,6,"LARGE HOUSE FOR RENT IN CORVALLIS""",https://corvallis.craigslist.org/apa/6038657645.html,"$2,600 ",6038657645,,,,,10-Mar,
1850,3,Gorgeous house for rent,https://corvallis.craigslist.org/apa/6029351872.html,"$1,750 ",6029351872,,,,,11-Mar,
1863,3,3 bed 2 bath duplex AVAILABLE 3/7/2017,https://corvallis.craigslist.org/apa/6027980021.html,"$2,300 ",6027980021,,,,,10-Mar,
1863,3,3bd/2.5ba w/ attached 2 car garage,https://corvallis.craigslist.org/apa/6017992526.html,"$2,300 ",6017992526,,,,,10-Mar,
1890,4,North Albany Gem,https://corvallis.craigslist.org/apa/6030209447.html,"$1,800 ",6030209447,,,,,5-Mar,
1900,3,Short lease option!!! 3 bed 3 bath AVAILABLE NOW!!!,https://corvallis.craigslist.org/apa/6035732463.html,"$2,000 ",6035732463,,,,,8-Mar,
1928,4,"RESERVE NOW , QUIET STREET, WOOD FLOORS, CHARM, HUGE BEDROOMS!",https://corvallis.craigslist.org/apa/6034231571.html,"$2,295 ",6034231571,,,,,10-Mar,
1932,2,Luxurious Downtown Living,https://corvallis.craigslist.org/apa/6033934431.html,"$1,900 ",6033934431,,,,,7-Mar,
1955,5,"NEARLY NEW HOUSE ONLY ONE BLOCK TO MONROE ST, RESERVE NOW FOR JUNE!",https://corvallis.craigslist.org/apa/6032887841.html,"$3,245 ",6032887841,,,,,8-Mar,
1956,3,near OSU clean house 4 tenants,https://corvallis.craigslist.org/apa/6036339381.html,"$2,540 ",6036339381,,,,,9-Mar,
2000,4,"All Inclusive Fully Furnished Home, Quiet & Safe Neighborhood",https://corvallis.craigslist.org/apa/6003720208.html,"$3,250 ",6003720208,,,,,7-Mar,
2000,5,11th Street House - Close to OSU - RESERVE for August 2017,https://corvallis.craigslist.org/apa/6002509394.html,"$2,625 ",6002509394,,,,,6-Mar,
2000,4,Contemporary and Spacious 4 Bedroom Home ~ 2938 SE Summerfield,https://corvallis.craigslist.org/apa/5943898133.html,"$1,995 ",5943898133,,,,,1-Feb,
2006,5,"CUSTOM HOME, NEARLY NEW, ONE OF A KIND! NOW LEASING!",https://corvallis.craigslist.org/apa/6028206982.html,"$3,145 ",6028206982,,,,,5-Mar,
2020,5,"So perfect, so close to campus (12th & Jackson)",https://corvallis.craigslist.org/apa/6014264869.html,"$3,195 ",6014264869,,,,,10-Mar,
2036,4,4 Bed 2 Bath Home Albany,https://corvallis.craigslist.org/apa/6028107738.html,"$2,300 ",6028107738,,,,,3-Mar,
2096,4,Charming 4 Bedroom SW Corvallis Home,https://corvallis.craigslist.org/apa/6024967780.html,"$1,995 ",6024967780,,,,,1-Mar,
2100,5,Beautifully remodeled 5 bdrm 2 bath close to OSU campus,https://corvallis.craigslist.org/apa/6033660083.html,"$2,700 ",6033660083,,,,,7-Mar,
2100,5,Beautiful and Spacious 5 bdrm 2.5 bath Near OSU Campus,https://corvallis.craigslist.org/apa/6022645330.html,"$2,600 ",6022645330,,,,,27-Feb,
2100,5,BEAUTIFUL AND SPACIOUS 5 BDRM 2.5 BATH WITH MOUNTAIN VIEW NEAR OSU,https://corvallis.craigslist.org/apa/6038818310.html,"$2,600 ",6038818310,,,,,10-Mar,
2108,5,THREE BLOCKS TO CAMPUS,https://corvallis.craigslist.org/apa/6038140279.html,"$3,000 ",6038140279,,,,,10-Mar,
2130,5,5 bed 2 bath + bonus room close to campus,https://corvallis.craigslist.org/apa/5971986655.html,"$3,000 ",5971986655,,,,,21-Feb,
2169,5,Retreat too far away? Modern house; master suites w/vaulted ceilings!,https://corvallis.craigslist.org/apa/6012875325.html,"$3,495 ",6012875325,,,,,10-Mar,
2195,6,6 Bdrm VERY close to campus RESERVE NOW FOR SUMMER/FALL TERM,https://corvallis.craigslist.org/apa/6031173942.html,"$3,000 ",6031173942,,,,,5-Mar,
2200,5,"Gorgeous 5 bd, 2.5 bath home",https://corvallis.craigslist.org/apa/5995600535.html,"$1,895 ",5995600535,,,,,9-Mar,
2200,5,"Your next home! Minutes from Fred Meyer, OSU, Private Rooms",https://corvallis.craigslist.org/apa/6034059877.html,"$3,300 ",6034059877,,,,,7-Mar,
2200,5,"5 bed, 2 bath, walk OSU, gardens, 0.4 acre residential area, parking",https://corvallis.craigslist.org/apa/6014245705.html,"$2,500 ",6014245705,,,,,1-Mar,
2200,7,Large 7 bedroom home.  Partially furnished.,https://corvallis.craigslist.org/apa/6012707213.html,$400 ,6012707213,,,,,10-Mar,
2230,1,The Retreat Corvallis 5 bdrm-Atherton,https://corvallis.craigslist.org/apa/6009416722.html,$715 ,6009416722,,,,,27-Feb,
2233,5,Lease Takeover in 5 bedroom unit,https://corvallis.craigslist.org/apa/5982826518.html,$680 ,5982826518,,,,,18-Feb,
2271,5,5 minutes from Oregon State!,https://corvallis.craigslist.org/apa/6005432931.html,"$3,700 ",6005432931,,,,,7-Mar,
2300,4,"4brs/2Baths, Close to OSU Campus",https://corvallis.craigslist.org/apa/6025643840.html,,6025643840,,,,,1-Mar,
2316,5,"Awesome House 5 Bedroom, Bonus Room, 4 Bathroom",https://corvallis.craigslist.org/apa/6008067224.html,"$3,600 ",6008067224,,,,,7-Mar,
2334,4,Room For Rent at the Retreat Corvallis,https://corvallis.craigslist.org/apa/6008592939.html,$815 ,6008592939,,,,,18-Feb,
2336,5,Totally remodeled house 4 blocks to OSU; 4-zone heat & A/C,https://corvallis.craigslist.org/apa/6024067266.html,"$3,195 ",6024067266,,,,,10-Mar,
2405,5,"Everything you want! Newer, master suites, gas cooktop, extra parking",https://corvallis.craigslist.org/apa/5993724214.html,"$3,695 ",5993724214,,,,,8-Mar,
2490,3,Large 3 bedroom with 2 additional office or hobby rooms,https://corvallis.craigslist.org/apa/6025563892.html,"$1,595 ",6025563892,,,,,8-Mar,
2500,4,4 bed 3 bath ready for pre-lease,https://corvallis.craigslist.org/apa/5995623093.html,"$3,195 ",5995623093,,,,,10-Mar,
2500,1,"Unbelievebly affordable ""home"" for OSU/LBCC/professional lady",https://corvallis.craigslist.org/apa/6031373607.html,$400 ,6031373607,,,,,5-Mar,
2500,6,Beautiful and Spacious 6 bdrm 3.5 bath near OSU campus,https://corvallis.craigslist.org/apa/6022827901.html,"$3,200 ",6022827901,,,,,27-Feb,
2500,3,"home, large yard, covered patio, add barn and shop?",https://corvallis.craigslist.org/apa/6018664637.html,"$1,595 ",6018664637,,,,,24-Feb,
2500,,Upgraded 4 Bedroom Spacious Home with Hardwood Flooring ~ 2015 SE 3rd,https://corvallis.craigslist.org/apa/5991820805.html,"$1,595 ",5991820805,,,,,15-Feb,
2550,5,STUNNING NEW CUSTOM HOME-Reserve NOW for JUNE! ONE OF A KIND!,https://corvallis.craigslist.org/apa/6029219589.html,"$3,765 ",6029219589,,,,,11-Mar,
2552,4,4 bed 3 bath-NOW taking applications for fall semester!!!,https://corvallis.craigslist.org/apa/6025612160.html,"$3,195 ",6025612160,,,,,10-Mar,
2552,4,"4 bd, 3 ba available for pre-lease RESERVE NOW!!!",https://corvallis.craigslist.org/apa/6012021444.html,"$3,195 ",6012021444,,,,,10-Mar,
2563,4,Spacious Tri-level Duplex,https://corvallis.craigslist.org/apa/6008372823.html,"$2,100 ",6008372823,,,,,17-Feb,
2566,5,$500 off March-April-May Campus Close,https://corvallis.craigslist.org/apa/6038359401.html,"$2,695 ",6038359401,,,,,10-Mar,
2600,5,Across the street from OSU! Private Bathrooms,https://corvallis.craigslist.org/apa/6005339446.html,"$4,200 ",6005339446,,,,,7-Mar,
2600,5,Fully Furnished! 1.2 Miles from OSU,https://corvallis.craigslist.org/apa/6005130670.html,"$3,300 ",6005130670,,,,,7-Mar,
2664,5,"New Home!  5 Bedroom, Bonus Room, 6 Bathroom",https://corvallis.craigslist.org/apa/6005014776.html,"$3,900 ",6005014776,,,,,7-Mar,
2700,6,Next to OSU campus (Oregon state university),https://corvallis.craigslist.org/apa/6031036432.html,"$3,590 ",6031036432,,,,,10-Mar,
2700,4,Huge Gorgeous 3 story - 4 bd. 3 bth House with Bonus Room,https://corvallis.craigslist.org/apa/6037441913.html,"$1,950 ",6037441913,,,,,9-Mar,
2700,4,Huge House - Perfect for college students!,https://corvallis.craigslist.org/apa/6014985661.html,"$2,800 ",6014985661,,,,,9-Mar,
2780,4,"4 Bd/2.5 ba, central A/C, mins from LBCC/Corvallis",https://corvallis.craigslist.org/apa/6015388233.html,"$1,995 ",6015388233,,,,,9-Mar,
2900,5,Tired of apartments? Check this out...,https://corvallis.craigslist.org/apa/6005411206.html,"$3,900 ",6005411206,,,,,7-Mar,
2900,6,Spacious Tudor style 6+bdrm 2 bath within walking distance of OSU,https://corvallis.craigslist.org/apa/6031468530.html,"$2,995 ",6031468530,,,,,5-Mar,
3000,5,Tired of cramped apartments and dorms? Check this out...,https://corvallis.craigslist.org/apa/6035438793.html,"$3,800 ",6035438793,,,,,8-Mar,
8000,8,"Huge house next to OSU campus , park, school and down town",https://corvallis.craigslist.org/apa/6030995267.html,"$4,500 ",6030995267,,,,,10-Mar,